-- phpMyAdmin SQL Dump
-- version 5.2.1
-- https://www.phpmyadmin.net/
--
-- Host: 127.0.0.1
-- Generation Time: Dec 03, 2024 at 03:31 AM
-- Server version: 10.4.32-MariaDB
-- PHP Version: 8.2.12

SET SQL_MODE = "NO_AUTO_VALUE_ON_ZERO";
START TRANSACTION;
SET time_zone = "+00:00";


/*!40101 SET @OLD_CHARACTER_SET_CLIENT=@@CHARACTER_SET_CLIENT */;
/*!40101 SET @OLD_CHARACTER_SET_RESULTS=@@CHARACTER_SET_RESULTS */;
/*!40101 SET @OLD_COLLATION_CONNECTION=@@COLLATION_CONNECTION */;
/*!40101 SET NAMES utf8mb4 */;

--
-- Database: `afteracads`
--

-- --------------------------------------------------------

--
-- Table structure for table `batches`
--

CREATE TABLE `batches` (
  `id` int(11) NOT NULL,
  `batch_number` varchar(12) NOT NULL
) ENGINE=InnoDB DEFAULT CHARSET=utf8mb4 COLLATE=utf8mb4_general_ci;

--
-- Dumping data for table `batches`
--

INSERT INTO `batches` (`id`, `batch_number`) VALUES
(4, '221'),
(3, '222'),
(2, '223'),
(1, 'For Everyone');

-- --------------------------------------------------------

--
-- Table structure for table `comments`
--

CREATE TABLE `comments` (
  `id` int(11) NOT NULL,
  `post_id` int(11) NOT NULL,
  `user_id` int(11) NOT NULL,
  `comment` text NOT NULL,
  `created_at` timestamp NOT NULL DEFAULT current_timestamp()
) ENGINE=InnoDB DEFAULT CHARSET=utf8mb4 COLLATE=utf8mb4_general_ci;

--
-- Dumping data for table `comments`
--

INSERT INTO `comments` (`id`, `post_id`, `user_id`, `comment`, `created_at`) VALUES
(1, 36, 10, 'Hi', '2024-12-01 21:12:01');

-- --------------------------------------------------------

--
-- Table structure for table `courses`
--

CREATE TABLE `courses` (
  `id` int(11) NOT NULL,
  `name` varchar(255) NOT NULL,
  `school_id` int(11) NOT NULL
) ENGINE=InnoDB DEFAULT CHARSET=utf8mb4 COLLATE=utf8mb4_general_ci;

--
-- Dumping data for table `courses`
--

INSERT INTO `courses` (`id`, `name`, `school_id`) VALUES
(1, 'For Everyone', 1),
(2, 'Information Technology', 2),
(3, 'Multimedia Arts', 2),
(4, 'Computer Science', 2),
(5, 'Nursing', 3),
(6, 'Architecture', 4);

-- --------------------------------------------------------

--
-- Table structure for table `events`
--

CREATE TABLE `events` (
  `id` int(11) NOT NULL,
  `title` varchar(255) NOT NULL,
  `description` text NOT NULL,
  `school_id` int(11) DEFAULT NULL,
  `host` int(11) NOT NULL,
  `date` date NOT NULL,
  `time` time NOT NULL,
  `location` varchar(255) NOT NULL,
  `image_path` varchar(255) DEFAULT NULL,
  `alt_text` varchar(255) DEFAULT NULL,
  `created_at` timestamp NOT NULL DEFAULT current_timestamp()
) ENGINE=InnoDB DEFAULT CHARSET=utf8mb4 COLLATE=utf8mb4_general_ci;

--
-- Dumping data for table `events`
--

INSERT INTO `events` (`id`, `title`, `description`, `school_id`, `host`, `date`, `time`, `location`, `image_path`, `alt_text`, `created_at`) VALUES
(51, 'Tech Innovation Summit', 'A summit focusing on the latest in technology and innovation.', 1, 1, '2024-12-10', '10:00:00', 'Tech Hall, Building A', '/images/tech_summit.jpg', 'Tech Summit', '2024-12-02 22:59:23'),
(52, 'Cultural Fest', 'Celebrating diversity with cultural performances and food stalls.', 2, 1, '2024-12-12', '18:00:00', 'Main Auditorium', '/images/cultural_fest.jpg', 'Cultural Fest', '2024-12-02 22:59:23'),
(53, 'Startup Pitching Event', 'An event where startups present their ideas to investors.', 3, 1, '2024-12-15', '15:00:00', 'Conference Room B', '/images/startup_event.jpg', 'Startup Event', '2024-12-02 22:59:23'),
(54, 'Environmental Awareness Workshop', 'A workshop on how we can contribute to a greener planet.', 1, 1, '2024-12-17', '09:00:00', 'Room 204, Science Block', '/images/environment_workshop.jpg', 'Environmental Workshop', '2024-12-02 22:59:23'),
(55, 'Sports Carnival', 'A day full of sports activities and competitions.', 4, 1, '2024-12-20', '08:00:00', 'Sports Complex', '/images/sports_carnival.jpg', 'Sports Carnival', '2024-12-02 22:59:23'),
(56, 'Art Exhibition', 'Showcasing the best artwork from students and alumni.', 2, 1, '2024-12-22', '11:00:00', 'Art Gallery', '/images/art_exhibition.jpg', 'Art Exhibition', '2024-12-02 22:59:23');

-- --------------------------------------------------------

--
-- Table structure for table `event_participants`
--

CREATE TABLE `event_participants` (
  `id` int(11) NOT NULL,
  `event_id` int(11) NOT NULL,
  `user_id` int(11) NOT NULL,
  `status` enum('interested','going') NOT NULL,
  `created_at` timestamp NOT NULL DEFAULT current_timestamp()
) ENGINE=InnoDB DEFAULT CHARSET=utf8mb4 COLLATE=utf8mb4_general_ci;

-- --------------------------------------------------------

--
-- Table structure for table `friends`
--

CREATE TABLE `friends` (
  `id` int(11) NOT NULL,
  `user1` int(11) NOT NULL,
  `user2` int(11) NOT NULL,
  `accepted` tinyint(1) DEFAULT 0,
  `created_at` timestamp NOT NULL DEFAULT current_timestamp()
) ENGINE=InnoDB DEFAULT CHARSET=utf8mb4 COLLATE=utf8mb4_general_ci;

--
-- Dumping data for table `friends`
--

INSERT INTO `friends` (`id`, `user1`, `user2`, `accepted`, `created_at`) VALUES
(2, 10, 5, 1, '2024-11-30 08:49:07'),
(3, 10, 7, 0, '2024-11-30 14:14:39');

-- --------------------------------------------------------

--
-- Table structure for table `messages`
--

CREATE TABLE `messages` (
  `id` int(11) NOT NULL,
  `sender_id` int(11) NOT NULL,
  `receiver_id` int(11) NOT NULL,
  `message` text NOT NULL,
  `created_at` timestamp NOT NULL DEFAULT current_timestamp()
) ENGINE=InnoDB DEFAULT CHARSET=utf8mb4 COLLATE=utf8mb4_general_ci;

--
-- Dumping data for table `messages`
--

INSERT INTO `messages` (`id`, `sender_id`, `receiver_id`, `message`, `created_at`) VALUES
(1, 10, 5, 'hi', '2024-12-01 08:26:34'),
(2, 5, 10, 'Hello', '2024-12-01 08:28:11'),
(3, 10, 5, 'Test', '2024-12-01 20:26:28');

-- --------------------------------------------------------

--
-- Table structure for table `opportunities`
--

CREATE TABLE `opportunities` (
  `id` int(11) NOT NULL,
  `title` varchar(255) NOT NULL,
  `description` text NOT NULL,
  `company_name` varchar(255) NOT NULL,
  `company_link` varchar(255) DEFAULT NULL,
  `location` varchar(255) NOT NULL,
  `posted_date` date NOT NULL,
  `school_id` int(11) DEFAULT NULL,
  `course_id` int(11) DEFAULT NULL
) ENGINE=InnoDB DEFAULT CHARSET=utf8mb4 COLLATE=utf8mb4_general_ci;

--
-- Dumping data for table `opportunities`
--

INSERT INTO `opportunities` (`id`, `title`, `description`, `company_name`, `company_link`, `location`, `posted_date`, `school_id`, `course_id`) VALUES
(1, 'Software Developer', 'Develop cutting-edge applications.', 'TechCorp', 'https://www.techcorp.com', 'New York', '2024-12-01', 4, 4),
(2, 'IT Support Specialist', 'Provide technical support for clients.', 'GlobalIT', 'https://www.globalit.com', 'San Francisco', '2024-11-28', 4, 5),
(3, 'Marketing Manager', 'Lead marketing campaigns.', 'BizGroup', 'https://www.bizgroup.com', 'Chicago', '2024-12-03', 3, NULL),
(4, 'Mechanical Engineer', 'Design and optimize machinery.', 'MechPro', 'https://www.mechpro.com', 'Detroit', '2024-11-30', 1, 1),
(5, 'Graphic Designer', 'Create stunning visuals for clients.', 'DesignStudio', 'https://www.designstudio.com', 'Los Angeles', '2024-11-25', 2, 2),
(6, 'Data Analyst', 'Analyze and visualize data for business insights.', 'DataMinds', 'https://www.dataminds.com', 'Austin', '2024-12-04', 3, 3);

-- --------------------------------------------------------

--
-- Table structure for table `posts`
--

CREATE TABLE `posts` (
  `id` int(11) NOT NULL,
  `user_id` int(11) NOT NULL,
  `content` text NOT NULL,
  `created_at` timestamp NOT NULL DEFAULT current_timestamp(),
  `updated_at` timestamp NOT NULL DEFAULT current_timestamp() ON UPDATE current_timestamp(),
  `image` blob DEFAULT NULL,
  `school_id` int(11) NOT NULL DEFAULT 1,
  `course_id` int(11) NOT NULL DEFAULT 1,
  `batch_id` int(11) NOT NULL DEFAULT 1
) ENGINE=InnoDB DEFAULT CHARSET=utf8mb4 COLLATE=utf8mb4_general_ci;

--
-- Dumping data for table `posts`
--

INSERT INTO `posts` (`id`, `user_id`, `content`, `created_at`, `updated_at`, `image`, `school_id`, `course_id`, `batch_id`) VALUES
(33, 10, 'Hi my name is Dummy', '2024-12-01 18:32:05', '2024-12-01 18:32:05', NULL, 1, 1, 4),
(34, 10, 'Test for Comment POST', '2024-12-01 20:18:58', '2024-12-01 20:18:58', NULL, 2, 2, 3),
(35, 10, 'Test Comment', '2024-12-01 20:56:45', '2024-12-01 20:56:45', NULL, 1, 1, 3),
(36, 10, 'Test', '2024-12-01 21:05:28', '2024-12-01 21:05:28', NULL, 1, 1, 3);
INSERT INTO `posts` (`id`, `user_id`, `content`, `created_at`, `updated_at`, `image`, `school_id`, `course_id`, `batch_id`) VALUES
(37, 10, 'Ayan oh', '2024-12-01 21:36:40', '2024-12-01 21:36:40', 0x89504e470d0a1a0a0000000d49484452000004b0000007370806000000d97c8d320000000467414d410000b18f0bfc6105000000206348524d00007a26000080840000fa00000080e8000075300000ea6000003a98000017709cba513c00000006624b474400ff00ff00ffa0bda7930000000774494d4507e8060d0313042f2d25e0000080004944415478daecdd77781cd5d506f0f7ccdc95645b3b2b1bd34c0dbd84d05b02a1849604084910090483b177d706624a1aa48b5448f9c098e65dd9189c8a2109104a68a6856e6a20f46e4a005bbb2bdb92a69cef0f09b065952db34d7a7fcfc3f3e0d5ce9d993bf59ebdf75c011111111115684a1310d905b0b605746b40b70264630031005100e3008c01d001a013c072403f00e439409e07f439c07a1cb8ec55d625111111d1f084554044444494cf3b537c4fc03a18c00100f606d01442b9af01b803d04580dc04a4de6755131111110df8324644444444034b6e0cc8b180c6016c51e695f9001601b200d0ab81d40ad63f111111512f06b088888888d6903c00c00f007cae4aef4b1f00b808f02f04e62ee5f1202222a2d18e012c222222a28f4cff02a03f42ef10c15a90037029e0fe0eb8fc3d1e1f2222221aad18c022222222c2c99bf5f676c2176b74033b006d033a2e0216fa3c5e44444434da308045444444a3586b03d072362067a377d6c05af730801940ea511e3b2222221a4d6c56011111118d4ec98d8131d703720280489d6cf40600a601bbf5008befe331242222a2d1823db088888868144a1c09c8e50026d4f14e5c07f82731c93b1111118d0616ab808888884697e93f02e41fa8efe015001c09d80ff6e6ef222222221ad9d8038b88888846d17b4ff2b700be3dc2f6eb1dc0fa0270d9633cc444444434825fe48888888846ba561b685900c8b123740733000e0752f7f258131111d148c4218444444434d20930feb2111cbc028018801b80193bf370131111d148c400161111118d70d37f09203e0a76d401829b81e95bf298131111d148c3218444444434824d9f01e8a5a36ca75f007af600e677f0f8131111d148c11e584444443442c53f05e8f9a370c7b7041aae047fa8242222a211c46615101111d1c833350ad8b702586f9456c0d6c06e1f008b1fe2b94044444423017b60111111d108642e03b0f5e8ae03fd2d307d479e0b444444341230804544444423ccf483011cc77a4023a069a08def7b44444454f73884908888884690d606a0e97a0013591700800d80ecebc0a38fb12a888888a89ef117392222221a41267c0fa37ee8607f721e306d02eb81888888ea197b60111111d108918c01b80a4013eb62356301bb1b587c27ab82888888ea157b60111111d108213301b4b01e06a2a70353583744444454b718c0222222a21160f238404f633d0c2a06444e663510111151bd62008b8888884680312700589bf53014390d6833ac07222222aa470c60111111d1487022ab6058eb016f1fc26a202222a27ac40016111111d5b9e95b02d883f5900f9dcc3a202222a27ac40016111111d5b9e00400c27ac8cb97fa666b24222222aa2b0c60111111519d93235807791b03c8e7580d444444546f18c0222222a23a76ea5a0076603d14420f601d10111151bd61008b888888ea987700df670a7620ab80888888ea0d5ff8888888a88ee9feac83826d0b9cb21eab81888888ea09035844444454c7e453ac83c22b0d703fc96a202222a27ac20016111111d531dd9a75500c61bd111111515d61008b888888ead4941600ebb01e8ac1c01f111111d51706b0888888a84e356dc53a28fa15907547444444f5f5f6c22a202222a2faa4135807ac3b2222221a1d18c0222222a23aa551d641d15877444444545718c0222222a23a25cdac83a23180454444447585012c222222aa533a8e75503406ff888888a8ae308045444444754a7a580745eb6615101111513d61008b888888ea9476b20e8a966315101111513d61008b888888ea943008533cd61d111111d51506b0888888a84e0559d641b118fc232222a2fac20016111111d529fb35d641b182575807444444544f18c0222222a23ab5deeb0056b01e8a21cfb10e888888a89e30804544444475aa2d00f022eba118ca0016111111d51506b0888888a89efd97555094675905444444544f18c0222222a23a26ff661d146c29b001037f444444545718c0222222a23a268b5807055bd437fc92888888a86e30804544444475ecb2a701bcc37a2808837e444444547718c0222222a27aa680dcce6a28a8ca6e651d10111151bd61008b888888eadd9f5805797b04483fcf6a202222a27ac30016111111d5b9f56f018711e66b01ab80888888ea11035844444454e7da3c007f663d0ccb0382bfb21a888888a81e31804544444423410a0067d61bda3540fbbbac06222222aa470c60111111d108907a16d0bfb11e06a540f02b5603111111d52b06b088888868a4bcd6fc0280b21e06a2d701ed4fb21e888888a86edff458054444443432cc7902c0f5ac8735685f708f888888a86e3180454444442388ff6d005dac87d55c0ecc7984d540444444f5cc6615101111d1c8f1d85260b70600fbb12e0000cb00f728e0f115ac0a222222aa67ec814544444423ccd87301bcc47a00007c1fb8fc3d5603111111d53b6115101111d1c833630f20b80740c328ae849b80d417c1c4f644444434027008211111118d408f2c0176ed0670f028ad8037011c062ce6d0412222221a1118c0222222a2116af1fdc0aebb01d86a94edb807e00820f52ccf012222221a2998038b888888462a051a8f03f0d8e8da679901a4eee5e1272222a29184012c2222221ac1666701f75000cf8f921dfe0130672e8f3b1111118d344ce24e444444a3c0b42d00fb1e00eb8de0d7ba59c09c3378ac8988886824620f2c2222221a05e6be08049f06f0c2c8dc3f3d0f9873268f331111118d54ec8145444444a3487c5dc0ba09c0ce23648714c07781d4ef796c8988886824630f2c2222221a45dadf05700080eb46c0ce64007c85c12b2222221a0dd8038b88888846e93b50e234407e03a0a10eb7ff51c0ff5aefd048222222a2918f3db0888888683452203d0bb0f6457dcd50e803381f68fc348357444444349ab007161111118d72c908a0a700f20b00cd35bca18f02d6c9c0650ff198111111d168c30016111111110060c6a640f01b005f456df5525f02a00d98340f680b789c888888683462008b8888886835c9cd017c0fc05400a68a1bf21aa0e703ee1c607e178f0b1111118d660c60111111110de8e4cd007f1a80e3016c5ca1957a80de02585702eb5f03b4793c0e444444440c60111111110da3cd02deda0f9063013d18c0a621afa00bc0fd00ae03823f03edefb2ce8988888856c700161111115141e29f00ec0301fd34806d016c0d60429e0b7b005e01f02ca04f00d69dc0d8fb80f357b25e8988888806c7001611111151c99213016c0c042d8034f7fd3706d02c800ca09d802c05f0129072595f444444444444444444444444444444444444444444444444444444444444444444444444444444444444444444444444444444444444444444444444444444444444444444444444444444444444b42a611510111151fd696d70222ded506cc7ba288c0239e3c989cb907a9db541444444f582012c222222aa33ad0d8e69b90ac097581745bf01be26b61e90e96a7f859541444444f5f1fa42444444543718bc0af12d70c405b1a22671ae083654e822cb0e1665bae6bdcc034d444434525e5d88888888ea0283576578131c4141ac64c431c1db80acb5ca876f4370af406f13d7dcd281cb5ee541272222aad7d716222222a29ac7e05519df06474410cb31d30f03829b86fc92cacbb0f4df02bdd776fd9b96e2f2377802101111d5cb2b0b111111d589294dc0fcaed1b7df0c5e55e08db0ee8358513b39474493052ef60c5416097451e037dc99c3c51ff064202222aad5d715222222aa59b14862862a8e00b0ab00f767bcf49747570d307855c1b7c2ba0e628dc5d449c6583300240059af882202059e12c82255ff0ee3db772f432ac313838888a8565e55888888a826398dd3b6806ffd1780e9fb2897f5642d20e58e8e1a686d704cec6a408e2864a9df9f713fb6df7c6959b76cce35dbe3ef776e5a72397ffdf56d88357797bd26df5d3a0667fefe33589a6d1cfa8b2a2fdb3e0e5886d4ebf57ad6c470f2f8c0f6ce1341bcc4775d1fc0a3022c52588b1a3dfbdef7704927ef4c444444d5615805444444e5310ea7ac678cfb49156caf01b6b7045b29d00c600c8037a1fa925af2102cfffe5cf7bce7d62820b07edcef591d6d36fae94e0f778dfcdafba8e7d511852eb9f6f895d8709de565ddbae6b1e1c410d79fb81c139cf207b0365c6739ae386711a6fd7c7ffc6f69d3e05f14ddcc8fe0ee981dafdb9e58195cba0c3e92513b719308fe04a0a9c8a26c00bb2bb03b107cafdb04ae83c4430016097451c68bde0f9cbf92773a2222a2ca600f2c2222a290ac8d539abb6cefab62e9c1501c0860fd02167f1fc07d2afa0fdbf5fe1e3436ae0d3ff86f5f23fa230a3d37e7b57f7f64d76469c306af3ce70eecb2cdfb65ddc2f3aed8190b6edcb2e472ee4e5f5b9100d6875e793b8af8cff6c7bb4bc70cf786382212bb4723f169a2d25ea6e2bb147840804559afe93c607637888888a86c2c560111115169c660c6068e9db8b8dbb84b44743e14df4061c12b009808e04851991798c83b08825bd12f78d51b5790c346766d32e755397d62fd1ce6fdf44eacbbd6301d87149ba82f8b624df14fd4f3fee6dcf6b9001e2e53f14d02ec0fe07806af888888ca8f012c2222a2a2cd6c744cfc6711e33f0fc129009c900a6e84629341feb6e35824d71f99f5c9e055256cb25e0e0bdaeec0066b0f33cc728404b114f84b79cb97853cab888888ca8f012c2222a2228c6b48ee10335d0f03f26300632bb86ab1237ae8c8ab5106af2a69d23acb31bf6d11365a77989ce42320886589dc59cef26dd1820358319c3c9e67211111516198c49d8888a8402d91e93b0641b04881e11aa13e80db44e4ef001eb6ddc617976276765d4c1ed71d69d84ad53a4c81ef62f87256d3378c70fec8a95106afaa61fd892b70f94f1661eacf0ec0ebef360ffec58f83587599134b035db7c4acafef01f88300efae51b6687787dbfe7841f70fccd83430de4b31249e56e00e555d64fbde5d1d98dfc1b392888868700c601111111520da3875ebc00f6ec1f041a76b2d2f38bd03735febff8777b160395c3c06e0b1289269b1f5e710243040ceab815be47a30d06a030bfdfaaf5106afaa69bd892b71e5cf1661dacf3e8b9796c48638e7ea388865e966d0a223584f1bcffbfc525cfe46589be31bff68012c057600b083889c1e9888ef20fe98c05aa4aa8b1afdc83defe1924e9ea1444444ab3cd25905444444f969c1b44de0dbb7015867a8f6a98ac6b35efaa8818257fde5907a3feba74f16d13d013c9ee7a64c889a097bd47f8d3278550b26b6acc4bc9fdc852d36cc0efdc5ba1d4e287b17b9608fd8f2a5308357002040eb001fdb80eca6d0ef427063b771973a2671af63123f8f99f881c094269ea9444434da31804544449497294d81b1ae1160c321be1440717cdfcc6705c9b8ed8bb35ec79ed0fc86060a823a9f8d90c1ab5ab2564b17e6fee44e6cb57166e82fd661104b14fb17b720aecd74a75e0a735b26213956817c825111009f01f02385dcee98c8b2a849dce198e48fa366da67806484672d11118d360c60111111e5c131915f01d87598c6fd65593f5dc28c670b7bb27efa24a85e9ac797eb3880c5e0552d5a2bd685f61f8fac2056b471ead60a6c50ccb2aafa70d8dbf316522b72de063bf7e5beeb2e60d126010e00f46702eb5ec7e832c7c46f8a9ae4f79c4862f7de21c5444444231b0358444444c3686e486c0f60e6305ffb5f83ef9f1dc6fab27ee60c40ef1fe66bbb45919c587fb5c9e0552d9be07463fe4f1761fbcd960efdc53a09625981d9bfd8656d588f9467abda829c97fe5d6005bb0178a6c842c601729840cf83e221c7b47ce098c4b54e2471faf886f8a78012d3d6131111d5e2739d55404444343409700e8699f844a00bdec7bc5c386b5cd8e37aa61503cc7ab6ea335cece0e0faaa4906afea81d3dc83f61fdd851db6a8ff209602071475cd032b3bbc9efbcbb96d9d3d73ffd3e845f604706308c5c5001c09c5057e204f444dfc3b3c93898868a461008b888846ac184e1e1f8b24a7b760c6a6c596311ec98d258f808b8a5e15e6b6afc4654b14da0ac01dfc292e75348c90c1ab7a121de722fdc3bbb0e3961f0c73e2d774104ba0ba7f310b2af43e607e57b937f03d5cd299f5dcaf02f87788c52e339e95e2594c4444230d0358444434c2cc6c8cdad38e7022892bd5786faaea656afc638b2d2d30988c617a5f01d0316ecfd361ef49ce6bbf4744660ed1ca3e1475315488c1ab7ad43cd6c59c1fdc8d9db67a7f98b3bf368358cd0d89ed00ac5bccb202dc51b92d9ddfe57bfa550cdde3b290ad3f7f1952199ec1444434d2308045444423422c12dfd531f1598ee97a43c4ba0e8ac900c6f6b6afa5b5d872159a47d04597be8b05cbcbb15f1937356788a4eeebc622c99d6bfbc8307855cf9ac7ba48ffe82eecb1fdff86bb506a2e8865a91c50ecb201ec4595dcd6e5687f578005052ed60160d96aff095eb73d5c98cfc24e2479a66327bf08b4b13d40444475c1b00a8888a85eb560da266aacafab22ae8a2d86685defec344edb22db3df7c542ca1f87f8ba00761bfe9b52d619c0b2be75ba63740700fbacb96bc161001eadcd23c4e0d54830a6d1c72567dd83537eb32f1efacf3a435c661f05b10ec874b5bf52eded56d5fd8bec9e98cd79eb3f5cf9edc5e23cfa53fe0f8aef64fde6ab81f3579672ef0c54cf85a0c1b197bc042b31bbd18dcc7d0f9774f28c2722a25ac55f5c8888a8ae34e3a4b59d48f29b8e493c1018eb5505ce850c15bcc20a08aef4bb1b0b6e98195bf6437e43f4c694b71743ca359e771c80a56bc60c6a350f168357234953a38f4bbe770ff6da6198516e35d313abcd121497ff0ac03d409b57f14d16ab63986f3c1a78f60e593fbda094e01500a86dfd044043ef7ab1391417741b778963e2b35a306d139ef14444548b18c02222a23a70e698989d38c63189eb2d6396407536803d876f1062817a0d1b67ddf489cb71c93b0537f280fdf2fc6a630bded8a89c35b01497bf0195137a376b357b8f4732565bc78bc1ab91a8a9d1c72567dd8bfd767d6bb80ba7ea41ac96c8db3b00b256510b8bdc5e9d9772ed1ee2cfef7b9e7f44272efb5fc97583699ba8e0f801fee400725a60ac971d93b83e661207f1ac2722a25ac200161111d5a836abc5c4f78fd989b98ee97c5b057f05703880481e0b6701ebf359377d420e177f50f42648de012c04c66c5bee1ac9faa91ba0e89f0fcb04b6d6504393c1ab91ac21e2e3826fdd870376abed205600bfe8fc5716745135b6d987df33c4bde8172b30efad30d6e321b212c0e3c3b40f0e57e056c7241e72ece4714032c2b39f8888aa8d012c2222aa29cd0d89eda326fe6b27f2d6ab0164910aa60228a48791a7c0e7b3de9c9b4bd98ebe5e4ddbe5fb7d45b07f25ea27ebbbdf06f06cbfb5d7c8304206af46838809f07f67de87cfedbe64b88ba27a41ace213b8bfdfe16ef064755ecaed71037d2ec04ae3365d1ed67a3a71d9ff9a3d3900c075797c7d7788fed131fa6accc47f10457222af002222aa1606b08888a8eac6e194f59c48f24cc7241fb502fc47206743b5a821790afc3ee7a5ef2bb9fd1bd14f20bffc571faa5010697e9702d300041f6dab651d5afda3c8e0d5681231017e7fe6fd3868cf5a0c62b5da003e5be4fde34ea02da84aa56a307e90bfdcbc14b3b361aeea2da45664bd0dbe0ae0963c1799a4905f5a465f8fda89547343627b5e05444454690c6011115155ac8bc9e31c3b7ebc63e237d9c67d13aaff07e8ce25b7012debca50da922aeb14f27d01766c31c9032a5177392f7d9faab4afb2b11b55b741c9e0d56864ec00bf3fe33e1cbeef6bc35c4c950d62c522137606d052d48bb1c81d55ab50b13e31f0bd08579567856d9eed49024077def745608c08125680a71c93b8c5b1e35f28ef0416444444ab3ca75905444454396d56d424f789dac9392b4dd3db105980de59f4ecb0d6a03df6d230ca098015852fa3e701331b2b5193811ffc044016c0f310fcd968d0509d63cae0d568665b8a5f9ef2108ef8ecabc35c98950b62055a7cfeabc0d2dbab5597aabaf5001f7735f8fe0de55ae732a45e87eabc221615000743e406c75ef29c13499cbe2e268fe315414444e5c400161111558c63bf79bc40ef11d1248068591ad4113794d900d5f23b8a586c7727d2b5a06f0853592d47fbbb59af63edac97de3aeba68feb70e73e56f923cae015f506b17e71f2c3f8d27eaf0e735155268825283affd55bb9eef4f3d5aa4711ecba6695c98def635eae9ceb35beff6b14d00b6b800adf028a0b569ac6ab7935101151393180454444a169c18c4d7b67ac1aa49de347ae07d053d68d50f96218c574f6f82f02f00b5f3f5a1dd3f2482c92dca5fc35beb0a77a479bc12bfa986d297e7ef2c3f8f2feaf0e777d943988d566007ca6a84505b755abfe1c4c9ba0c01ac380457561b9d7bd1497bf51642facfef7de6d7825101151393180454444259b80f8868e89cf0a8cff2c4467f53522d790c1a5cb8032371245a7849393657e1780978b5c7827557dc031f1590ea64d1879479cc12b1ae0a552143f9bf110be7ec88b437fb18c412c27f2e66e009c6296556051b5ea4e6dfbb303bc979775f8603ff7947eefc5c6c099637825101151d9de355805444454ac289213a32671ae6fe479404e03d0086062ccbc39e8101e51bd5ca03f540d8e14e0e055ff53c59720f2d7d25a82d8a4d92cd937941d143c50c2d211404e83b15e73ecc4ec68437284f44e60f08a86b86404f8e1d447f18dc35e18f63a2d47104bb4e8e183b0dd605115eb6dbf35ab0837947bf860d8ed8a710dcbb7e055404444e56258054444542807d326c0d8a7017a260047fbfd3d50690570eb40cb66fcf6a1f3a4f8b8ce8924fe2d8af31428ead77c5b710280bb4a6e5402f72830b9c4629a21f8a604fa4dc7241e17c8d52ac1ed5977c3478036afbe8e3c835794c77523c0d9531e8308f0879bb61cfc8b1f07b10ec874b5bf12c6ba1538a0c8055fecc0dcd7aa586d6b04b0ac0a0c1f0cbd61e1eb56009ee255404444e5c01e58444494b7f148c61c933807c67a05d09f62e0a13a8165e1d152d69375d3b30395e38a6ec40a8e0e63288befdad7a2983c5883db49a1bf80cafd8e59b2cc31899b1d93fc71cc8e1f3dae21b943a566302c0e835794bf0f8358f1a3fe3bccc51a664facd606009f2eea9e01b9a39af755403fd5efe3ae06bfe186fa3bf003cea4484444140af6c02222a261ad8d539a7b4ccf693ef4db00260cd10a7cd1124976b8a99287e2e4fcd43f1c13bf1f90bd8b58dc71ecdc51591f7f2e651b3a71d9ffa248dc2dc5f6ea185a338043013d544560070ac77479406231148f41f03e14cfaac1c3d59c19edc3c0008357548c338e7d0ab6a598f3b7ed30c47d23949e585113db13c0b86296b510542d80e5d9ba9f00fd672ebdf73d5cd259b9ad9050da042ad88a673d1111950b035844443484d686582436a55b7bce0164bd61befc5083ef1f146ace16c52510ec5dd4b2229381d20258006009ae522d4b006bb0e7f29e10ecd9bb0f80f88063275e85c81510bd21eb6ef05865871e327845a599f9b5ffc012c5a5d76c3fd4b55e72104b5074fe2bf57cdc59adfa11910300edb72f5ad17c5c2ab28e40c328883db08888a86c388490888806d0dae044e2a73aa6e51555999347f0ea5978c1e7c34e389cf5a3d700e82872f143c622b97ea9db1071fd3f02c854f570083605f4a7503ce498251d519358148b2466ac8bc9e3cabdea5864fc34307845253af598a771cad14f0ffd25c5268127bf2d761dc5e6bf12e03fcbd1fe6eb5ea46a16b6c7700bba2012c916097908a0aa907566b43d424ce751aa76fc9ab8788883ec400161111ada2cd3876fc04c76e79062a17019894c74281228867317769f8db73fe4a28fe52e4c2b66d705ca95bd017949b5b4307699c00fbabe2d295a6e98da8499c3b1153a3e56b5d07cff1baa0309cd2fa34be75dc93437e47a0cf1657fa942601f62aea1487dc5ead3a89e2d4b504d8a1dfc79d394f1fa9dc562423501c1a526113a2484e2cb5905864fc3401ce821f3ceb98c4ad517bda11bc82888888012c222202d06a3b76fc78c75ef2dfdea16ad83cef4505d7e4bcb9ff2ee3936a5e090fb929a16c82175c08c0adc103375e80b37a22f65331933ca41c2b10cf7b1408636c111130f54bcf62fdb5570cfaf7408b9b00a2c534ec0da0a99865552b3b5c6fb57b8bdd7dc000efe3f700a98add6f1c1b8700b25668051a2db1175632a2817e6f95b6ca4122d6758e493c168bc493c094265e494444a31303584444a39bc4ec64ab635a9e84c80208b628b800e0d6726e60d64d3facc01345354ca19f6c894cdfb1d46de8c0dcd7005c52b34751b189426f8e99c479bd87243c1d98df01c54bbc542894ebb9b301efbc3f76d0bf477caba89e47018262f35ff9b6efde5dbd4b77cdbc5d5ae1fc57b082e3422dafc4990863119dd63b6c7a0d3ba9ca9c9889bc1833c9b36338793caf2822a2d185012c22a251aa25326de7a8493ca6a25701d8aed872fc403f28f7b68ae8fca21b88ea4f0e651b3c730e50fe7d2da9d9087c2f6a120b43efa160c9625e311486675e190f1dbc3fdffbcb907abdc8d3bfd800d6e20eccefa8de558b03d7bcdc50b11911c7e194f5a07274bf8fbb4b2ab4e444eefab002838e3555600385fe5a8df78663272f629e2c22a2d183012c22a2d1cac55201b62db518db0a71e8c9600d16b77141b18d2a851c0fb4953ceb6e06972e13c10f6afdb00af055c744fe16c63e7f54871a308045a178e6e5213bcd3c5c4c9993901c0b60f7e2ee0f7a47b5eaa26f92896dfa7ddc9171338f576a1b6ce3cd00d0d0af4ece2fb17151d210c28cdbbe38e775ec0ec155c37c751c444fedcb93f58f6693d88f571811d1c8c6001611d128d581b9afa9e2f252cbd100bb947b5b73b8f80305ae2f72f1751d7bc9c1616c47c66d4f01b8b60e0eefe763f692cb426be4c27a84570c85e13faf0c19c02a2a50badc049f01d058e48b70d50258c6d60307f8f82e60a15f992d686d0082e9fdabd3f222bf01f07ed1cf0460ebd2b76d614fd6ed380ea257e4d99ef99205dce998c462c74e7c03484678b511118d3c0c6011118d62b61ffc1a404fdf3f3d0196087017a03f17d1e980fc04c0a30082218a390c21e75d1a8868f1c9dc61617258dba19ec401bc55ebc75605d36291c48c50eade0313b953289e7969c2e0e7ac16375435287ef8604f93d77d5fb5ea42800306f8b062f9af1c3bf67540d6eb7710aecce0d265009e2fa1e8cd8156bbf42d5ce867ddcc34484133d1ee02c11f1c13bcee98645b14a7aec5ab8e8868e460008b886814ebeb85d5aac067b29e1bcd78e90d335e7affacd7fe938cdb9eca7aa99f67bdf4aeb6279f50e0ce415a619b464d62ef726f6bd6dfe05f1014971f47f1e5164c6909633b7248bdef5b721880a5b57e7c55f1fb5853fc13a596b30ca90c801779c55049d770670396bc376ed0bf477cb7a800d68081a0fc96bbff5d2c585eb5eb136be6bff2452ad7234c30b3ff2605b67d110088ca732594dc186b8a6e12ce462ef4b3ae9c00c86305eedc7a80fe544ccf6bcc9345443472308045443442349bc47e8e495c3b01339d4296cbf9e9eb725efa3e607ed760df5986d4eb39aff90bbdbdb306682a288e2dff1eb605505c59e4c24d7ec47c35ac2d59de937a0a225f0090abf1d362ac7a7271488d5de6c1a2920c93c0fdbda5b8fc8d42cb9c88a95100bb16b33d5ac5e183e391dc18827ec165fd6079cfa4a72bb1fea8497c1a90ddfa7d7c7b67cf9c67faaef7527a60415d7bebf0b636e55ae24f4371bd4099278b88680461008b88a8ce454d721fc7246eb57a7b481de999aed3cab3a6f357fa9e7d0c80b7d7f893e06b61260d1f8c189d87a187330efec053991ce6b664ddd483be259f01f06c8d9f229f8fdaf12f955a882a0358549a6112b8179567adc7b6f6055054be2385542d80e54582cfad7983933b80b6a012eb1791d3d6bcc6830b3ffcff40f5b99256609596c8bdbf0e77ee6345f7c0fdb8cdd39b27cb4e5cc8ab9188a83e3180454454a75a4c7cff9849dc29d07b001cb4ca9fce2cb41756be3a71d9ff44d7187602006b47ed2587957b9f335dedafe820bdc0866face2b3b1a6a99b85b93dcb7b524f357a91ddfbf27305b57aae88c84f50629e321bc200169564e804eefa4891e776b1f9af56e4bc650f55ed9a1c206f97402a92ff6a0c666c00d5aff4bb41be94f337bae1a37fdaa5f5c042a05b87bee18a3743b819bee1fbfa4b5e8d4444f589012c22a23af361e02a802c5260a0e110137cd3756ab9d69ff1d3d700b871cd7601a657a4e1a73aafe8453df38db0b7e73d5cd299f1d3d302cbda018285a8cd64e7bb3876f20b25bd30788d8b51c3413aaa7d4327702fae879f42f72f7273ee0116f654ab2e54d7ccdb155428817bc47827a37faf354b2f5ab5f757674fd38b008a9f0d51c2ed81f5e1a617f0dd65e89d49f17fab7cd605e85797a3fd5d5e8d4444f589012c22a23a9147e0eac396c373b0e5aa726e8b18fd268015fd3efe7c0ba66d52ee7ac8fad16b007414d96a3c01659a31b1b367ce3359377d8cdafeb6809c03c873357502899e55cae24b313b0be0255e8954d4753b6c02f7620258539a00d9b1a85b4115870f461b135b09b061bf8fdfcef5a42a301c794a1320c97e1fe66cd7ba7cf58f667743e5b5e2ef3756f8012cc570330ade20d0431abd4834eba52764bdf4da592fbdae7ab2b6aa1e05e0a8ac9b7e78a802628dc9cdc723b931af5822a2dac4001611518dcb3f700555c877b2dea44f66ba53650d3464bada5f11ac310cc3562333cb5f23e7af841634adfa2a8d2a6c1135d3f72ae7d6e5bae73d97f5526d592fb58d25d819c04f012c46f57b66ed53f28c84525c9e22a26112b8bfbb14ed050f0f732266271499ffca92e0f6aabd7c076bce3e08a94c42f968c41c0b60edd59f1cb8a26fa6d17edb14143f8c5075c37531795ca81b2ffdb6fb63be889c92f5d28767bcf65bdfc3259dabdd93917a3fe7b75f9bf5d2ff1a6e1581afe705469f754cb2ad37d8474444b584012c22a21af56172f63c0257bd4d10c199392ff57ba0cdabc4f6653ceffffa27d555c88c284e5dabec2bb750ec304288fa932b750c3bdcf4e3592ffdb3ac97de4dbd86b50538188a1300fc5481ab01bc80ca0dcb1378a5cd16a9ca3c58549c6112b82f2eee84b6762ef6f69571338f57ab2e146b0e1f546845860f8aae91bc5dd560f620df2ea517a974479ab60c6fcbcf1c03c019e4e17756c64d5d5aea1a9a1b12db0bf06505c600fa5327d2f0bc63c74fe0d54b44543b18c02222aa314324671fa22187df67ddf4acca6ee9fc2e05cee9f7e138cb74973d1756d64d3facc013c535abe46bc0ccc64a1fd71c2efe20e3a56fcbfae905592ffdb39c976ecd7ae9adc6785d0e44f612d1e950bd14c08300bacbf4d82f2980652360008b8a327402f7e27af6a906db14b9390f010bfd2a558540d7fc41c2b2cbdf03abd924f603b053bf8f6fca75a79f1f644b4b4ae4ae417879b09a1b3a371b641bffdcfbc34d080726c039abb58d543782c8158e89dfd6dc307d3b5ec54444d5c7001611518d2860a8e01a3c4f7f578d6dceb91d5700787ab5460bf0ad72cd82b85a6343747e918b4e68b6577eb1568efbbb58b03ceba61eccb8eda9acdf7e4ad64bef95f53a1c88ec05e8cf05782aac752974fbf148c68a7e69f0c63c0a2672a7229423813b20c5e6dc7bb05af530ae21f94900ebaebe1b783dd3d5fe4ad9ef99186806596bf6a0df57aba43c7e2a12da4c84963f40ae33c52b63dcae44386b68b3000c126595cf5941f058d424ce5d1ba734f36a2622aa1e06b08888aaac94c0d5878cc1f6d5d9fa85be2a7ed0ef657f2dcf749d51ee35abdbb80045f654b24526d7f659b1b027eba61ecc7aed3fc978e94f59829d45310f4057a96d58d71497f41af82891fb8bbc6aa910c32570f77cbbd8005651c9b6558387aa5517f600b30f22287fefab164cdb4480a3fa7dfc6cd69b33685e28dbeb29a90756a833115a7ae81ac711f8f6bb58b03c9c15b405396f834345e5f241bed020c0593dc67dd6b193c7a14c93811011d1308f0356011151758411b85ac54fabb51f393f7d1d807bfb7dfcad184e1e5fd6f5e2e20f14b8bea8062cf0c5289213ebe55ce970d38f67fcf434cbb3b785a0a419266dd1d2829da24ce44e05192e81fb4a5cb6a4c8737142318b05be542d8005d50307f8b4ec012c35d62900ec7ef5771186985c62292e7f13c0f212f635a41e586d068ac3fa7df860ce4fff3ddc5a6af332fea4f800cfb3559f1d1b40f48f8e49dcd51299be23af6e22a2ca62008b88a8c20a4cce9e5f3b01b26f0ba66d52ad7d1291d301ac9a5326a6c6fd76d9d7ab4527738f48045fafb773a70397bd9a75d35f13e06000ff2bee6409362fadfdcd44ee54986112b8171f10558c2df89e012c598ef677ab5313ad3680cff6ffd4f8e54de03e09c9b10a9dd6ff76d2e8365c316c0df74e3451ac507a6045ed373e0f609d7e37a29f95a7b6da02b5310dc3f776dd37d0e0512792b8b29e7e0c2122aa770c601111554831c9d90b6997f9c6fe5ab5f62de3a61e85a2df2c50727a334e5abb9cebcdfa1bfcabff4c88f9377e7572bd9e4b192f7d9b25d621003a0b5d36806c5acaba1560008b0a324c02f752cea7a622cedf57ab550fb1486c27ac9967e985a5687fb39ceb5d1ec16440569b1d56a073dfc325c3df3f4a4be41e1b87f8ba253756c43aa9df478f67fdf69bca555fb9eef4f310f96e5eed28c56431fadf58249eeccba345444465c41b2d115105444df2db61f6b81ab89da1a7f74d355e9d078aeffe18c0aa3d1b9a6d63be57deb5b605505c59e4c27b343724b6afd773aac39df30454a6177e9ea0a424c44d9ecf44ee5490f2247007504c4e389137ab56116a1dbce6fecba232af5554b57ff2f60026b824bf6dd69212b98bb14b1a463801276da4c0e1fd76e8971862e86318b26eea2288fc21cfaf4f5495398e59f2901389efc52b9e88a88ced0d56011151f9453cf72a149970bc00939c486e7ab5f6b103f33ba0ba5ac04a816f8ec18c0dcada3a333a0f4506542490e38a592e6627beea44e27f744cf259c7246eae569d67fdd49f51600f16819614e47c1ff37280bcc0ab9af23a478749e0eefb7e2943080bcecfa40132d5aa0b851ebde68b7850d6fc573193f81cb0c6241fd767bae6bd9ce7469794c85d444b1a46e819730680c82a253e97f137fc5b258e97687079818bec0a95fb1c3b7179183dcf8888684d0c60111155c0525cfe061497977d452a3fa8e634df59bf7d8102abf628688a18afacbdb0325dedaf287057710f413db12f2f4da1adb22da1721ca05b0338346a27be5cbd36b1febeb005a4a3f4965dc061849497e112b8afc0bcb78a3f0ff141e197aeaeac463db460c6a60076e97f397a3eee2cef0d0233d7ac366b76fe374929a90796554222f7164c6901105ffd11179c07b455a407a8ef99ff1475560aa6d8465e724cb20d686de05d8088283c0c6011115588edcbaf055809e06181fe5e80b305381bc02f00fc13404f08ab59bbcbf49c5cc5dd54b582d300b8abbccf4f9f8093362ae74a45b5a864ee0a6c1033b18287755a5670e3ea8d62cc198ba993aa51e18d7ec3f528642895e2cdd20f3213b9537e8649e0fe7069173e5e2afce415538d7af08d7f3400e9b7038f9733a17c5fd0ec8bfd3e7e3ae3cdc9bbd797ed4a493db0b48444eebe310900ce2a37da37726ee68f953a661104a5f49a1e07e84f1dd3f258cc4cff1cef044444e160008b88a8429621f57ac6732764bdf41e19affd3b192f7d5ec64b9f97f5d23fce7ae923c496ed003c5aea7a04f2bd6af6c2eaec99fb1f0166adf251a36b9b1f96739d593f7a0d808ea21a582a0527735fd6d3fe2444de58e5a3b56d63ff0168ab78e3b82f1173fee74d893d2a7a1ba5d623bca2291f4327702f2d10aa2a2f16fee61b54e5de28d0afac791de1a672ae3330fe690056eb612aa217a280fc51cb90ca00fa4e097b5e640fac362322a7ae7ebcf50260614fa58e9967348c1c89db2982dba226b1703c921bf38e4044541a06b088882a6afea03d6532dda997e0050703f86f892b99d8637a4eabe65e463cff678a8f7bfa88606aac29fe89f2adf1fc9550fca5c896656b31013f0d74f55e58c00131f3e6b955a970d157f37ff0fbf794baba319ecd44ee9497a113b8fba5f5e4537db0f04564a34ad741b471ead6800c90dc5b6f28d73afbee6953fb7dbcacc9ed2eb80793a0943c58ba19908c14ba54cc5ef215283659e5a31596672eaff0a1fb5668b768e068dfe87f1d93fc3130a589770622a2e2308045445443b298bb54c43a01805f52bb0ef2ddbefc2155f13ee6e52cc5b757f92802d7fa71999f68f38a5c725cb7dd7354e18b05370c50efdf76ecf8b115af70c52bf99e621d6ef6c95257d7d7ebeb795eb134e4c9366c0277bba49e7ce207f7a2c040aa00db54ba1ec4b3bf89fec307555ece79e9fbcbb5ceee883705406cf5db84ce79170b0a4e7c1f6849bd36234ea36c5af02d4d707abf7bdcfc0c2e5d56a9631635d3f716e02b21173b16d09f3976c3d3513b7124ef104444c5bcee1311514dc9b8731e81225d62312d8131a757753ffcf455006efdb841a293a38d89adcab5beac9b7e5881278a6b61163e8c30eadbb763a0dc5322e9f10df14f55b2ae155636cfafde0f2cf44359a98079b06848432770d7775620f57649d73ce62e05f050818b4d8a352637af541d34e3a4b5219832c0f5b300050ce52bf8ea543db5df67beed99394596565ab0da2b6c26c25864fa6e003ebdea67811d5c5ab933b7cd1204b3b046ceb2b08e8e6e26826b1d13bfa992e72211d148c0001611510d32bef72b00dda59522673a9836a1aa3b625ba7e2e3208f91407f5aced589e8fc22173d6802e21b16b2c05b48adc0ea332e7e689cefcbb5cd98b14ea5aa5964d5a4f943b54307dcde62d7ca00160da9ac09dc3f3ef90b1e12a7417044c56e81c63e0b40ff21ca9ee5f9651b0ee7d889c3d0bfa799e06f1db8ecd5a20ad4a0a4bc792a85cd44a808fa0fddbba5b367ee7f2a75cca291255300ec5e813bf761be2f1bf04e4144943f06b088886ad0525cfe068a9c596f153118ebcc6aee47b67bce0b80fe7e9596ccd7cbd93b49ddc605282ef067b9c63aae88c6f38d037f8e4d2de3ff1d98d958897a560df24a1eaf76704d88eb6422771ad2d009dcc3e9c117b8ee5f51c82c9c00a0d60ca0adecefc0d1c6c4560a3975cdfb835ed581b9af956dc5a2a7ad79bdeaeca2cb335a5a0f2ccd7f26c2b1983a098aa357df76ccaed4393b01331d51fc2a8cc71f80a7fbcef3e701780354cced9dde9cbb79a720222ae0859d554044549b8cefff1a25f7c2c219cd3869ed6aee47d68bfe72951c4d961748d97261e570f1070a5c5f549b0f7a62c1cbd8c15049983fed44bad295a86351e49320ffc16cf7dc17c35a6793d7f01898c89d86307402f7707af075e2f2f7a0682f6c29dddab1df3cbebc7bdf66c1c76500fa27ec560bf2db72add5699cbe252087f4bb433c96f3da8b9ebc21d76d5e06f2ebe539c8cd35ef00966dac99003e4efaae7835e777dc54a973d6372b7f0260dd128ae810c5d159af699dac97fe64d64bef96f5d25b079e370982332078ede35dc339fd176e6e98be5d2c92dc85770f22a2813180454454a342ea85d52cc6fe5675f7e4fc950a9cf1715b065f6d894cdbb95c6b132d3a997bc10d874c57fb2b009e19bc9d8cc98e89ffacdc35ac22db0effa5707b31f425727f8e572a0d64f804eee10d4135bef71b141aec179c57cee07eccbcf53d010e18e006f5e70e37fd78d92aded3d3fbbfdfabe885a5159a7281bc278a18a0aa91d710c249488e1520b17a4b452e0c2d6fdf30a28d53b756c8cc128a082ce897337efa1a60f66ae763272e7f2feba667655dd952545b01fcb47f507102663a56105cadaaf73991c4e9bc8b1011ad89012c22a21a16462f2c81cc1c87f8bad5dc8f9c9fbe0ed00f7b4649a0724ed91acefe06ff82e0f5629655c5e4c2eb17370ef38d1fc74cfc07e5dadf66cc5847807d86f9da0b59bf6361e82b17e6c1a2810d9dc01d6f959ac07d554b71f91b0229304823eb59c62c00da4cd8fbeed889cf2bf4e703dc2b561ad73fbb5c753e1153a310ed7f0f7b2fe7ba7f09a1f85286114e9a8099ce705f5a1ed11300596b958f56886bcfafd4392bbe7d3e8086a20b505cd6e1b5df39f497526ec66fbf3aeba5fbfdb0d16679a6eb4f00b605d008c5053193f87b0c278fe7dd8488e8630c601111d5b0907a618d3306dfadf6bed89ef54d007d53b8cb114e24b96779d6d416407165912d90e38064a4a0460fe4c6e1db35f2cba8497ebb2c0ff288771c0033f436eaa9c0c29ef0d71e308045031a26817be8f9d32c0fbf04f05e818b1dea4496cc055aedb0b6236aa67d068285035d9301f093a5b8fc8d72d5794fc49a06a05fa04853c0fcae52cb166849bd2dfdc8ca2d875b852a56cfdda57a4506972eabc4f91ab5a71d01e0f3c597a01fc00f8a1e1edf9738fe8bab3f377094dadec31c524844b4caf39e55404454dbc2e885a59053c7604655673b5a86d4eb809cb74ae3a46cbdb0c4e83c14979f699da8ad8716b24087877b0164f26800fe3666923f0c774fa73489ca77863cf68a3919affdd672d4b3aac544ee34a04a2470ef777fc9a8627a1137c7131cd3f28f307aba3876fc0b02eb1600e3d65c0d16e5bc0dfeaf7c35de6621906ff6fbd0753d7369383755296d26c2c01a7218a163a61f8adede471f2f62db1755e66c6d6d10b17e575af5c8f7b398bbb4e8e5dde01f00fe37c08363730e292422fa1803584444352ea45e584d11e37dafdafb92f5969d077cd4103ab4d924f62bc77a325dedaf287057510d09abd061842917825bf2295aa1bf7022892b27626a348cfd8c9a865315182a30f940ce6f2a5bc3a7c9338f03f07995527f432570879667e869ce4fff1daac5046c0ed788ff44d44e7cb9b8359f39266612e741e47a006307f8c25b9e674f06daca36e941d45e7238049baf7ec791bfaec4654bc228df57943613e1b089dc83fe33e6dedad933e7994a9cab3133fe5b40fe89e607d8b9c7326e4749cfe82ce62eb5205fc7c0336a3642718113495c351ec918ef2e44349a318045445407c2999150a64f407cc3eaeec9c21e4130739587d02fcab526515c5ed4828a235b30a5a5b0457063015f9edc13b19f72ece4174bd93f2792d8dd1a20cfce2a35f05ce0d95fea9f4c384c4ce44e0336c68749e0eef978b46cebf6336700f857e1d7bd6e2482bf39267e5fcc8e1f0db40e9b0b696d9cd21c8b244f7622cb9f53e07b83bc572f179123c20a240d7ab58b9e36c04e5d1856f9ea454abbce45070d1035374cdf0ec0c1ab1f8e70279d18cc38c4d755e8f74ba99a0072461889e63bbcd422519cd8fb4819f0d9d1eadbba98430a89683463008b88a80e84d40babd1b3f1836aef4bc66bbf5581abfbfeb94fccc40f2c4f43b6f96a001d452cdaa411734c210b04aede8442862c2a3681e83f63267167d44cdfbbd00d8c99e42150dcacc09841ca7fd578c1419db8ec7f653fa002e6c1a2d50c95c05d80256126705fd3c29e315ed75701dc5be409bdb78a2c744ccbbb4e24f10727123f3566e207b644a6ef188bc4778d99c4414e24795ad424afe936eedbaa7a0954371aa4b01502fd72c64d3d5acefa6e6e486c0f48fffbe8bfb36efae1b0d6b11c97bc833c864a0f71cf1b7408a1f87a7aefa9f1e177e5e59cbfc18d953857ed88fc166be40d2be474d13f777a73ee0eedf9e8a7af82c85543dc6ffb8614c64fe59d86884623c32a2022021c4c9b005bf612c14e0a6b6d88aea52ae344821c543e50e06d1bfa48a3d7fdf0bb58b0bc2a376cdfffb567cc54008dc5bf6ccbb4164c3baf03735fab667d473c3dd337f24505c6686f2fac4f87bf96f35742137f816046c16d2d95c90052f937eedadf75907804c01e85b5e9b09f20b82f6612ff5045caf84dff5e8ad9d981bfdd6ab798f19ff5816f2af4cbab35f856f796183968a99f7eb34287733150f8ec8d34720d95c05d51fe80e7bb58b01cde94839d48641e14c716594c0b14df00e41b0a4035f8f892531df4e25b3516a190c3b35efade72efaff8721a4465f55b3dfe10fe9af40540762b72e12dfb2a50d778f68a1ebfda372d5c04bf7cc32d3f1435d3f78606c79750c40adbb5be5f867abe1bc0d786f84223542e722289fd6c5712cb90caf0ae4344a305035844340ab559b1c8dbbb28fc3d01ec0e953d016c0d40f4c32696020205fada0402208060a569f21c249e04f4bac0b217562a4707d0db0bcbd1f83c889c5c42310d6acb8fe02351cd23b014ed6fc634fe4788c401d93b66928764bcd42da1afc8c23c68e1012c009f89352637cf74a75e2aa0d17123207b14b3990a1c05c1519ee9f21d245e80e029047847052b2cc5c440b0b900bb06d0e8300de767d5f68fca76cf7ba952c7525516cb20235e6874aa7402f781cdefcabaf88613893f04955f62e0dc546521c05381edb7e6bae7957d786d334e5a5bfa078000cf77bd6bc2df31790e8a620358d1319831a9ff504a313243573f369d96db7379f98f529b25587201904f2c72b0e3acbf5c86f4eb616f99e7cadf8dd18b86ddb6de2185bbc4ace431e5eee54744542b38849088460b8999f8c1513b39c7314bde520d1e86ca45503911c03605bcc41a00bb00d26605c1d38e49fcc789c4cf082b29f7b02b0f6346429113638dc9cdab7d407c5b2e40dfaff10afd6e39d69175d30f2bf04431e78bfa85f52a12b16f0861936d00db40d10ac14c01ce52c13401f60730d4391640f40ae335ed598946f36aad520f8f8289dc6915432770d74ace5ca959b7fd0231fe0e006eaac0fa02282ec978cd15bb0ec544cec09ac1b9073a71f97be1d7666989dc1b8db7e5ea9f242301fafd20a3b8b203f33bca7edf8a2c9982027bccf67b90be9cf1bcb2cc2ab902a9b715c82f671a871412d128c30016118d6893901c1b8b24663826f18c426e11d1248075435cc5f65039bfc7d86fc44cfc7763915cbf9cfb13522eac887afaa36a1f9bce9ef4d3006eeffbe741e54a4c2ba2f38b6cac4d06daf27e4e66dc398b017d67d0364971f9b886d3adc0d59658bb64ddf629830f3f2c9fb7905a012672a73ec32570f7fd868af714c974cd7b39eba5bfa0b03e8dde405639ba0c3e04c15e593f7d2a70feca4aec5714c989021d2070a18bca722f552de93a57b156cb83e5d8681560d5894534b0ad8bcb5d6f1331352a5ada04220a7c1b98df55ae6d94c2f28d3542e5a29849fc3d8693c7f32e44442319035844345249cc4eb67646f4bfaab814bdbdacca29a6906f1ba32f464de2dc72f6c80a654642c1e46843729b6a1f2455ccfaf0ff83406794651d6ee382a2ea4b74b358e4ad42865aaaa875d3c0d5ad97663d5947601d04e88550bc52c21e7da0c0352232035e3029e7a55b3bdc394f54f76ac323bce5103074027705deec4b065e15396fcefd592ffd0531fe1680b641f16208c53e0095c3b35e7aaf3093a6e775d9d9c1cf00c4fa7f1e406e2fcbfa2c2da907966abf9908454feff7955b2b312cbfc7d86d004af8b1496fcff9a97f9479330b0e8e297094dadec39ca59088463206b08868c4696e886feb98c43d2a7a15141b5778f5630538cb35f67f6376e29872ac20a45e58b668f0e36a1fabbe99a6de0200111c039c3926f475e0e20f20b8aec806d7afa2484ecc7f8960a099b37c98e01220e566bc39b767bdf6d3b37e7a3331ba19544f04f0335549017a3d80c550bc02959705784a80bba0980fc84f4471b4d8b245d66b5f3be7a58fceb8a93959cc5d5a1b579d7026420230740277416dcc58d9db23abfd9cac9fde1276b0a5889ca2c0351fde8b86bb2df45d9bbf092c7c32eba5f7cefaa91b80ca268273ecf8f110490ef0a7159d5ed303e55867a3dbf37c89fbf9510faca849ee837e43f85431bbecf5d6386d0b00a50cb7f37ccb3ab312ef12c5dd8a3f1c5298389d7723221a8998c49d88469498491ca401160268a9e67628b001047f754c62b2e7f9d35760de5b61961fca8c842a5f6f6e98fecb4a26a25f535ba09afc67dfd0ce58ccce1d99f1f1d7f00f88350f085a8b5872826507bfce37e9bded8fb9c5335d3d001a56f9f89f99ae792fafd9886e7f0528b027568d669a52f5170b7f13230c97c0bdf6029dd9eeb92f027811c0a500301ec98d7da3dbaae88696ca47c1eb40f0aea5fa7ae0594f66917abf9adbec4412a743713e06c8dda8c083c0ecee72acf75d2c58ee48f24da86e54e48371952184fd7a5fa9bc9cf327dd58f6caf3ad0b4b7a6e422e5ade937aaa028779ad12966d84e2022792f88c719be2d5185a4e44542e0c6011d188118d24e3aa7ae910f7b61c047f07f43109f0b65a9808952d011c8af20d313cdc18fb89a84e9b9af3e75e1f56a121cd4868591afc14434fd75d017a3d802400a82547a00c01acacb7f4d6a86979b35fbe95fcb64e241e33898e8cd7fc93feb96d5a30a5458dd9c557b474faed7f5b8ad9d92812ff16e0808f9a3bb0668ff86bcfb31feb34eaf1bd826a28817b519621f53a3cbc5e95eba821b98df8c16e12c1bffb02dcab591ba73477d9eeefa0983e44253f58dedb75f03c20c505b0049b02ad0d2d586b5200ffcbabdf67f562a02d286bfddad38e00f0f91276fe0378c1cfcb7d1ec49ae29f500feb947eacd0ea45baf67090fc5ad64d3d0822a211802f9a443422c4228919aa7a09069e4db053216d63bd9597bd8b05cb3ffa7495de2cd1c6c456f03155a02702b25ec89b3751c4fabb13499c9975d3a10533c2e98585d696c8f45f55338752ce6fbedd319dcb018c83e2d0dec4e961376416fa82c47c003f2aae9af01dc774ce10245e51a0a7efe37101b01500cb1204cd0df14f76f6b4ff17901b003d00c0bd509d93f1e7dc31d2afbfb7905ae120f11c80ed79371abd864fe01e798cb5343809f4b710395c3dc031f10f007907abe442ea86bba10c3709898492d76b889ba13c07c1e78a7d6c451bc66fa6811707c45ef5196d7beebcf2d66e6b8388f5bb928e8fc8f733682ffbb06d75adbd21218d48556c02e85d4e24feedacdb7e31af3222aa77ecef4f44752f168927553160f04aa077db9e6c9ff352bf5f2d78d54fae3bfd7cce4b9f9df5c66c0a9199c82f174a216c282e8c99f8ef0a99d96e2821e5c212eded855545e7af047067df3f268e6f78f3936579e049f0b7128b6856600700bbf6fdb7cd2acf51cb52f90900f81efe1458d6f6592fbd6fd66fff032a9c1ba77aad6f6522f7516ea804ee1079a39a09dc6bff39367d37005f5ca5c2d6426f4078d755fe1b76065d2b4067995b0e252572175f7755487cb50f551774607e4759ebd78cff167a7f702876cb1fcbb81df32a7232583832e412394b21118d180c6011515d73ccf4c35465e09e57823f663ceba0654815301c647677d64d5dd4ecc99600ce47c8598714f26d27f2e63ca0d50ea3bc30662454e0282792d8bdba47523e0a7e78beb57359d6e0da2f9769e3df87cac5805c00002b907abbba79c52aadcdc49aa66e0694b9e14c356fe804eefa41d424f729e70cadf5acef870429b91c2bf41ec4fd57f05ca9370cac3e73a206b67d513937791ce2eb2af4fba5ec750039035858f62c8493901c0bd5c3cb72e880a334e23de644927bf28a23a27ac521844454b7628dc9cdd50ffe0460a060d0bfb36ec75460a15b4cd96f21b5021ebe153589ab2de02a053608ef2d524e7422e3edacdb3aa5d417e290726109143f017044b58e65a0c19396f4b6dd447467005784bd0e176e8315de63af0b82eb350816e47cfb6620e5d66a82f530399836418cec14407612c18eaad849b0645bf5ec08ef48345402f7de7345efe931b63a9a7c45058f0bf0b8aaff78c40f1e5f8acbdf18bd35d76654972cb1042b15287526d6cf009855ae2d15e33eaf5e09bfbf08b6e8f7c9ede50ef8db11f92d144ef1dbac7fee74e7dc5d8933a1d3d623018c2bf971070c7c4f566c02d1bf02ad5b010b7b78d722a27ac3001611d5a96424f0f51a01066a31798185e961bc9ce5bcf47de370ca6eb671afee6b188443f57827d262b26eebf1a506b142c985051cee44927b562bd1ab6dd9afab7e94f66ad3f234622247ab96349a2f10e09e40748171adab97219519c95758ac69ea66be6bed6489ec0860270876826263455f37110da1bb088d284326705f358421ba99009b01f88a8805cf587090580ae863803c01c5e3be2d8f2fefc1b340ca1df935d7e6e57ccc188fe4597e44a7a8e23bc54c38d117a0f85273c3b44f76f6ccfd4f39b634d3b5f1ab8e59d205a0299c4761f9826d001035d3f78606c79750c40adbb5be5fb15341f0f5e22b131735f8fe0fdec7bc5c4b24b19306729a8a1edbef58b9aa723c83574454af18c022a2ba1435384d801d077901bcbab327fd7458eb5a8e4bde81d77a60d41e3f5b4493a1ed84e2eb313bd699f1914409799242ea8505a89e03e0b06a1c4fdbf5dff1cc47e190d087c04c407c434ff517c5b6cb05f883e5c91f0b1b8e5a3fc621beae65632f88ec09602f0176510f314b563b5f8906355c02f7bc2e53c8e7007c0e02d881c231e806124f42f120a00fc2d80f66bbe7bc3052eb70195219b89805ccbc2c1ae93a168a33067dce0daec10aac79c099fbf59f35351c6d01907809614cd8a0f272ce9f7463f96ab4cd122cb90025c4da05facb654857e4bedf82292d4191cf60019664fc8e333efc41acc34d3f0e606a33669c6d19ef9b809c0c60220467e4dcd4bdbc631151bd62008b88eace584c9d24d041138f6b803f86bfd6853d391fd36391e4e3aa3a1b030f5b2ce2fd5de28e49bc93f5d23f2ee9661e4e2fac43a366da6772dedc7f57fa98f6c0ef5e6578df8430cb761aa76de1f9726361e5ea3b80f517112cc8b8a94747d61534b3d189acdc19c05e80ec89007bf54e6f4f54bc2113b817af11c0ee10ec0ec837e1071fcecef700200f0af0a0e5e1c191d71b727677cec57c00f3a326b98f889e06c5570a78eeecee98ce6bb3decc2380d9dd616f9d00cf6b18012c0b17c10f7bc6d98f45234ba640b147090fe89733befb7f953aea7e2472946871cf70555c3f506fee4e5cf63f78f8c92424cfcdd97a60ce4bff93772b22aa670c601151fdddb86cfbc700064b041c34f9913b73655a77c64d5d1ab393efabe81f31588e89c2fdc88924decebae94b8a2d20ac5e5802ebd7003e5be963aa1863f7a6ed00a0628753eaccc6a8e99a091f6dc82fa7c80a08fe8e007fccfa995b2a91b0b712c622b9beb1753f88ee0dc89e40d7ce506958b5354a54aaa112b8874bd602f04540bfa8007c83c041e23951790056f0802fb8a7b3a7fdbf23a55e735eea5e00f7461b92dbc0d7332cc10979e6c93ad8315dd759de94af853dc35f007d4e4abf712cb7dc9ecbcb556f133135daa3f845296528f06d607e57a58eb568f1c3074574e1507f7f0ba915f0c1e01511d57f3b90554044f5a41927ad2d821387f8a1ffc5f77049596743cbf8a985513bb15204d7006808a550c58531137f21e3b5df5af40d3d9c5e58fbc6ecf8d119bffdea4a1e5769e89e88e0c38971b5a49651ac69ea66f0ec5645d76900260df3751fc01d50fd43a3dff0b7729f3b953001f10d3d1bfb2be4b322d80fd0bea9e319a9a2f2192a817b995900b655d16da17292a5806312ef427037a07705227776f6a49f419d0f82cdf5a49e0530238ae48fc4e80c404f05869d71f090c0343c10b59247f52d1fd20d1bcf975c9baa57861d585b558fb1db00ac5fc206de9ef3d3ffa8e4bb0d80cf157738b024e365eee25d8888460306b088a8ae58c67c73a85f9f1578ab228d093ffd4fc78e4f83c8952145066c85fc25d614df2dd3d5fe4a310584d50b4b21bf01a6fcb3b2bf3cdb7b7dd4be142c2b69fb3d7b01804f0ff3b56700596879d6fc0e5cf66a3d5f132d98b1a96f07fb59c07e0aece7896e06543c5cf53680a72c951702d193fb820a348a0c99c05d712b043100db0025cc0697bf75a16805a4b52fa0f5be42ee16c15d16e4ae0e77fda77a7339d59f1c52efc3c32f8099bfcd2f4f966e2d011e7622f183b36efb03a16c84ca73a59610d8f645e59ab9d5699cb6057c9c5a42119e6f596756f4dd26625aa1c5b5cb02c81523a5c73011d17018c022a23ad26629964c1daa612e40b6525b93f5dbff1033c90d15faeb908a9c1078f2f749487efa2da4561475530fa31796e01351d3705acec36f2a7668558f5de55fef955496e842a87c7a8073638942af11b1aea8e7bc56cd98b18e650707c1d24301ec1fa8bfb1a062dd4b148a9760e131513ca6b01ef33dfbf1e5b8e49d0fbf103389cf2ab003ef57a3c77009dc03dffb46272e7f0f005a306d13df969d44ac9d01dd09829da1d8b8cc9b3851a05f81e22b01148e59b21448dc03d15b61d9b7d46762f8c2f26405aeff5268abf6e4799892ee38b776f6cc79a66c55e35b1796f40c845cb4bc27f554258fa6a87e4d8bfdd9c1f6ae84c7fb10118d0e0c601151dd889a373f2390e1a616afe87d2de3a5ce7522894f42f18d505e62811d3b237a195c9c50ccf2e1e5c2d21f4e40fc4f4bd1fe66b9eb701c4e594fe0eef7f18b3c4a5aa77171b567f07b0096002b55f04f0d8205597fa39b80b63a7ccd6fb56391d84e5039488123007f6f00560522561e80e721582c8aa7030d9e81df745f0e177f3054cf09552c863080359a0c99c05df0fa87c12b00e8c0dcd7e0e33500d77ef8d97824639ec10e22ba2b805da1d80ebd41d086326df204005f82ca97e00770ecc42b0ab9d5026e13bfe7d6720e6d2b870ff364f5f63c929980c4018cfde89a845cb8ea3128797d48bdef20fe415f3eb282a96276d9de13ec694700f87c0945bc67793de754f2f88dc18c0d14fe3e452efe40ae7bde73e5d9b23613356fee9df3daefe15d8e886a05035844543744adaf41866db5472bbd5dcdae2473463f59c474e783bcdd6372cc8e5f576c1eaa907261399e913fc16b3bb0dc411f63dc9374955e03814849099897a2fdcd1892bf570d1ecbf8d17f94672af9f28a352637d7400f85e2100007aa56e4bc7e4b81fb01dc07e0819cd7b4b8a819cc2c590cd529bc638d1e432570579547865b7e19521978b817c0bd1f7f7ae6182792dbb177e201ec05606f283629cfc3059f10685281a49a881b43fc7e00ff82d8b764dcf51fad97e186d9eeb92f02387d3c923ff1233a4515df11a0453df78232acee79007b17f17c7b35e777dc549e1a686d10b17e57d2a920f861a503989188d70a15abb8ed95f9e5da2ec72c390f90331d139f9df5c67caf1c335a121115dc6e60151051dd101d3ec1a9ca0695deacb7905ad1e2cd382a30de23c5fe22bde66ec8a5e310bf6739dadf2d74d9b07a6101d8d7314b7e9af5f0e372d5ddba983c6e2570fa6af10fa0e4a11b192ff5bdfa3ab95b1b6266fcfeaa3812d043d5d72dcabc420fd0c7a1723fa0f75bbeded781b9af855374f00813c68f2e432570b7102c2eaed4f357665d3c00e00100b380de19356d1b7b5aa27b03ba974276c32a3d8dc28a2728e4b3003e0b0d7ee99825ef41e2b72290eb2ddfbdb91e7a672d432a0317b3809997c5222b3f1966efab551e52cf410a0f60a96076b9f235c5ccf86fe947935614f592f158c65d36afe2074c714c914b76c1b5af2ac7263976f23840bfd5572fa739a6eb33b0a71f5b9fc36d89682461008b88eac27824637e3e2fa6a29b00539a2a99801c003a70d9ab8ec64f80e07a8493c07aa265ac4be0e1abc52cecfae69711e39f1842e3ee0731135f94f1daef2847bdad308d3f1260dd553eea1ee7e1decc2838a75b30a525b01bbe004bbf04c5610a75ca18f7e900f41e81759f0fb9cff1f491b7905e518e15655def71c7445c0011deb94687a112b82b647168f70ba4de868f7f00f847ef276d261679eb530add0bbdbdb4f62b433eadb5a1721c04c70526e23a48dc05916b2dd7bf3ebca06fb9cceeceb8585c8e9245f07c11a39857589eb9bc1cdb330ef17515fafd128ad0007246a593a1b760da260164af2217ff5706972e0bbf2e4f590fe2a6fb7dbc2bfc60b163c74fc9faed7fe05d8f88aa85012c22aa0b8191dd00cd273064c7220ddb655c543c4977d66fbfd131f19f01d2164a0301fa95a83ded889c3ff7fa42975d89cb9618246609f0fd1237c352c85fa28d53f70d3bcf46b399fe5941f0ed7e6d887bcb1558a9052d98b68946e450553922000e01b4a14cb9ac3a013c20c06d01e4df390f0f026977d53f96cffc2e45e2bf027c8a77ae916fd804ee9e57c67b719bd777af7f14c0250030165327456cf399003848a00743f089105718017010540f0a8c35db41e21905ae07e49f392ff56f546c2e851aa078bee080bb627e39022e006047e4b7d01266b814fca9d39d7377a5abd137728c14db6555f5ea726cd3725cf28e83e46f01fd69bf3f4521b2c089240e697423a7bc874b3a414454610c6011515d08443f2179360d14ba6f5f83a6f28d396fc39f47cd92fd0438208cf204f605c0945b8be951663c39cf371a07b076899bb1b604f62db1a6f8fe99aef657c2d8afe686c4f656102c44ff5e3a8af923eddc8d4592bba8064729e4c800d8b14c4ddc2c80bb15b8cb12ebce8cbbf4b16a4eab6ea92c565106b046816112b8bf5696e16b435881796fc1c742000b81de7c7241a0fb09b0bf2a0e1060c31057b79d00db017a961349be8140af17d17f64bc0d17d5e78411f9f3ede0392b28acb371600797a20c77a5a899be373438be94d3c676e507d5a84741d1c3077b2cdffb67f9de65526d8e9d9c08d1530778c99adc6dbc3d5a24f1f50e37fd38ef824454490c6011517dd0607cbe3f528a623ff4e54ca9bcb620e29d74a267cc1300c697fe76ab9b3926f2bdac879f15bae832a4328e26be0dc195a5d73f36564fee1ddf10fffcb29ef6274b292a66120769803f61cdc0da7b597fccc29170ba8e6f887fca0f700c54bea6aa5b0012f6e8c01e05fe6d01ff52c11d59b7e3d16a06acd6385dac6031544ee28d6be41b2681fbe26a6f5fa63bf512809700cc033e0c68e100811e02c5e7d03b23610827bd6e04c1290a39c5314bde574dfecd92e0af192f73572d5d9b61e9ec19fb8263ba7cac3201c7306eedec99fb9f323c732dc1920b5042e23d81fe7219d2af57ba0e634d5337534f762d72f1dbca9d8f2deb2f3bdd31b1cd01396c80137eeb40f18013499c9575d3176234f53e24a2aab2580544541f24ef6090020703678ea9d6962ec5e56f88caf4108b3c6b2c92eb17f7029a5e00e05f216dc7243f90fba29178518189b1983ac9b113976aeff6acd92b4ce4d7f53ccb51ac29fe8998499ce598c4337e204f00f24308c24bc6aef2b2aaa444e518db9375725efac08c973e2feba61faec106f262d0a8509e04eee593e94ebd947353ed59377d4cd6db606d11dd4d80b301dc06a027a4d54c14d1a4426e774cec5d2792b8326a4f3b02681b413f1ccfee8622efa08f6a30bb1c5b118d2c9902608f52eeab19cffbbfaa54a1677d1d4506de44e4baf26fe042dff71a4e0230d8b0cf46282e704ce21f519cba1688882a803db088a82e4861c9c89ba3f6f24373fe87897eabd048f2530b6376629e0aa68650dc586382b3e1ad3e5b5fbe6c4f92be091e0d6986c471a232cf3189e32c09bed7e1ce7d6cd80570ca7ab671bf27c00c05060b2cbe9075975d5c6fe7650b666c1a44fc2f41d1aa1e3e1372f1cb01dc2fc06dbe655ddfd933e7997aa91726721f3d864ae00e588fd4f6d6b7057d49ce1703386f5d4c1ed7659af656e811503912824d43787aad05c564116bf2873db3205830227266099e07f2c831a67835e7676f0c7bf5133135daa3f845296528826f557ad2970f0590af15db6d4c5cffe64a6ce3725cf24e4c92df57d5cb86f8da91303d8f3763fa373abdcae71123a2d185012c22aa1705f530110b5f4715035800d0e0474eef36eebe00b60ca1a5901c8319bf5989cb9614bae432a45e0f79864400382850ebd19889dfad622df405772def59f61cb0b007686d701a9d8dd5b33f63891ea570bf082032444bcd53604aefb2b56f2c92ebdb46bf2190e302f83b87db0495e7047aad0fdcd8e9c97d40caadcfcb757e9722f18c003bf2d635720d97c0ddf7dcc7ea697fdec582e5f0701b7a7b639d1e6d9cbab504f661503d0290cfa2f480ec44114d02483a91c4eba2b8cab7822bca33b4ae12f439400e1df66b965c083ffc5ea23dc66e03b07e09db7f7bce6fbfb61a35176d486e23417179020578aa92336066dc542a6a12a70c353187001b0a82db1d93fc59d65bf6ab91386c96886a03035844541704080a8a13a87eb91927ad5de904c2ab7a0f9774b6c8f4d64083fb50580fb2813445ece0fb2b7d7cb3a88666c833247e54cd90cf42f5b3b6028e690190700118f81011cd2bb623901f67bdd47db57d064e698adaf6c1625993a17a546f433694c85500e03140fe195872553df5b21ab6cdaa58acc200d64836640277c5abd5bcff86a16fe6d5e700cc5a1793c7adb01b0e04ecc345f42800eb9478f3dc5881ef5881f51dc7249e11e04acfd3f9cbd1fe6e1d3d989fcfe336b8425c7b7ed8ab761aa76d011fa7965084e75bd69955abba20f85ab169bb02e0c60a6fae0af46f800c17703380fe2c6a5a0ef4bc19c717f3831b11d1b0ef97ac0222aa0701b4d0199d1ac4d853aabddd1dee9c27a04886f3c6ab535a30a5a5d8c5b35efb39505c54e65d8ea090b772c525192f756ead9e77b1487c57c7c46739c6bc29625d07452b4aef85b102c03f4574baef4536c87ae9ddb25eaa6d2405af00402de6c11ae9864ce02e23ebf8bf8b05cb73fedceb737e6a7ad6eb98a4907d15380fc07f43287e3b05ceb58d2c714ce256c78e9f3009c9b1b55e27a2f25c1ef7f8f9195cba2cf495fbd685001a4bd8fa8b96f7a49eaa62ed153bfb201456a5035850582bf3de3360ff88f11f77ece417799724a2b0b1071611d5050b56460becf12222df049217547b1856d64fffd131f13d0039adc4a2c6051133052e2e287e5b3ace7022e3d786ead7aa7d4c552595f327cdacb573ad776628730214935575b3908afd9f2afe2ec0b559df5d54ad9c2b156ea02de6c45423dbd009dc47720073a19ff3702f807b019cdddc307d3b3b088e50e02b007647f133e2d9000e82c8419d46cf7734fe5758b832ebb63f508bb51078f2b818fd373068fe3f0d6ceb62843c98ac37213e3e5f4211ef595ecf39d5aab7710dc91d10e876452efe6ea7b7f4df95dcde284e5d4bb42751e0593d11a2d73b267141d6eb38bb5e520410513db4098988eaa22d8c4cc1cb28368eda38ae16363feb59df01f070e92d063915682be1debdd0cfba938e83e2926ab67b14f86ece4f4d07da82da38c1ce1ce3d8f1131c93b85b3dfb45407f0a293978f59e2ae608ac83b25ec7a49c9f9e91f5d3378d8ee01590757b9e00e08246aca113b8eb23a3a51e3a7be63c93f1d2e765bdf49e96177c4221df01f0204a8be04e80c8c950b9df31c967a326f9bd66cc58a796f63b87d4fb592fbd8f88ee06c10200fd7b4adf167ecfd2d60611eb7725bd4e087ed881f91d556b7c05f87ad10b2baea9647ea9164c6911d37d739133ea0a80331dd372bfd3387d4b101185710f651510513dd0408b1a8220a2df2b2de01396941b587a227a878f95f0e68d2d62e6cdfd4bdb96b620eba74f55e0db5508303caf083e9bf3d2bfab85f32ada98d82a6a12e73aa6f375885c01605f14df7b02009641b040353832ebc906393f3d23e3cdb97d7426b49ddfa5c033a01169b804ee81d7f8e868ac970ecc7d2de7a57e9ff5d27b19cfdb048233009438e3a06e2dd0f32ce3bfe1441257c54ce2a012ef53a1cab8ed8bb36efa0431fed6805e88de1954a11acc0e7b5d3133fe5b00b62ae121fa58c6ed9857cdfa12686bd10d3791ab2bf67cc4a96b0526b20890dd4a2c6a17f8c1c3c0996378e724a252318045447572b792578a5c72bb68e4cd136b61173a7bdaff0bd1ef955a8e2a8e0e637b725efaff20c13e50bc5481dd5f26c00fb25ef34e396feebfab7b246636c6ec64ab6312b78a8f6705380bc0c452f66d95a0d5ba59377d42ce9f7b7dfdce2018e265ab780434220d93c0fd951c2efe60b4d7d1525cfe46d64dcfca7ae97d420a663540d1aac0ad8e493c173389b39a71d2dab5b2bf99ae792f67bdf6d3d5934d21f2ad9cbfd10d61963f1ec98d15fac3521e9f01e48c6afea0108b247741d13313eb3b1ddeb2bb2bb19de3105f574ccf6d00760aa9c8a780f3578288a844cc814544f571b3721bffeb992e4511bf3a8bca2fd6c5e4abdec582e5d5de8facbbe1a58e59722c06cf1992c70ec95780d69961bc8467ddb90f0167eee098dcf70472960221ff42aaef08305b3cef926a0ed9008068e3d4adc5b793c0ca1315b25689c57541e45a045890f5710b835583b0643154a7b122469ed194c03d0c4b71f91b70310bc0ac164cdb448d7dbc428f07b04d91456ea9c0b99631e73812bf26507b4ea737e7ee5ad8d71c52efc3c5f979df9b4de25b22a2ea62410ea9f707fe569bf1cd927600cdc53f3bf5cf9d6e95eb48f5d8e297b52a327cb02592d82900ae8562e3829e89c04a08b208c4efabef89009cbef79685bc0b1051286d42560111d5c7cbffecac83c4db002615b1f8a495a6f13bf0704ef5f7a42d08ac6933acc07a14c5cf66b76ed48cdfbb2f897008ce5f99f570ce04c4e77a46be05200e205a62a10fa8687bce1df30760767715ebdbc4ec255f0904278b8ffd004809236f54a0f704622d302e162e432ac32b73980a83bf989dbd47a6a113b80b035843e8c0dcd7e0e197007ee94412bb23c06408be0ea098de548d5039ce42709c6312ff85608e719b2e5f8ad9d97aa88b093869230ff815541bc5e0e70e12ed818574674ffae98f1ee0488eed8c2c4941717009ab5a6e5c9c55e5e7bf052c293a801588963d08e4d8c9e302d5148071797c7d19a017a92d7fc875a79fefffc7284e5dcb32ee0c559de67ad635bcf289280c0c6011513d3587170332a9b865e5bb633135bd02f3deaaf65e74f6ccfd4fcc242f50e8778b2d43a087026105b07a2d45fb9bf0f0ad164cf9991f69385a545b011c98e7b3c203f020a0b7aa2d7f1ee865b692c62319f3233a055872a62a362929598ce03555fc45eca03dd33df7455e87f9cbbafe938eb15c141faca51a357402f78001acbcaf91f4c3001e065acf8c999603547002145fc93380d0dfb6505ce099ae5f4435f927b56556f849d4c3e5d9f6f70134f6fd731c80d3ad00a73b269183ca7b805a9da2eb41d154da6d5c7ebd14e937abb9af2de6adfd02608322177fbbd3dbe09e726d9b83691310b12fc97386e265002eb03d99b50ce9cc1aa9fbfbe470f107bd81dad6df721642220a0b035844543744ac1b54f58822171f17b1cd2fe0636a4dec8bd7f32b35662a8a1ecaa67b976bdb3a30bf032eda01b44f42726ccef83b8b58bb88624355ac034b1b34b03a4574b9883c271a3c17f11a1e790f9774f6b648aa57afcd0d89edc597d37cd1e3a1185b42514ba1f80b2c5df0d114f61eafc1c2cdef02124f23bc3c2a54038649e0aea335817b6916fa190fb701b8ad05534ed348a455159301ec83c2bb8d368b6852028d3b2671a300b3325efa7694362b62e826e0a48d3c91c19ec9518846435991cacb19bfe7f7d5de5fd5e03848913fa728ae29d7acbd2d26794000fd035487fb81d017e0f79627bf2aac0732835744141e06b088a86ed86e708367a4a83c58bdefb07a622c92bc28e3a6aadeb8eac0fc8e2812bf12a0c8976ad90368b5cb9d0fe32da456c0c3bfd19b78b8ef15b6d6ce8c362b66961ca8c0e908f0458896d2e16ab188a6c6b9d61fde426a057c5e77a512d547546427d6c4c8317402776102f7109e0f70910690761aa76fa97e304d809300ac5360511680c31538dc3189e721b8648cdbd55e0bf9207b356780ae4b007c1365eca5a9d0eff406d3aba9b54145be52f43e88fcb51cb7672792382d50fdedb0f52f783d509cd0e9a5ef0a7f33a63439b0c766317729af7e22cae7c14644541796a2fd4d401e2fe59ea7aa7381644d0c67ca794d1743f05a918b479b1b9c6d47f3f9b0364e698e45e249c72c794a815b011c8ee2829b1daa92f22df954d64bef9671db536f21b582575c586f1acc8734d20c95c01d96f2788728db3de7859c973e3beb756c242ac700b80dc5f5a4da0a8a0b569aa6258e89cf6ac1b44daaff4c9f9dcd7ae96f0596b513a0b797672d7a7bce4fffbddafb1ab55bbe086042918bbf9df326dd17e6f64cc4d4a81349fc158a0b307cf06aa1b866a7f204af5a1b1c13590863dd3b16c9f579c513d1b0af95ac0222aa33d795b8fc4e8ec10f6b635766772bb4e8c4f2e2cbe6a3f1041887f8ba5193f855b771df54953900b62ba65523c05d50f946d66b5a2fe7a7a62fef493dc5cbab0ccd477046ba9166a804eea23cdee5b1b027e3a71666bdf4c16a631b017e07e0bd220a8a01725a60ac179d4872c1b886e40ed5deb3ce9e39cf64bdf68344b51582d7432c3ab0a4f85c9361120bc5cf3e085d18e6f0c1e686e9dbf518fb21285a87f9eafba2f85ad64d1f93c1a5cbc2af95d606c7b45c83de1f9fb63546ef188ba99378ad13d15018c022a2faba6989fe238426f50f5a22899d6a617f726ee64a00cf16f7422c9b8ea663df82199b3a263ecb36f2b200dfef6d8815ecc3de563b66bcf4fe593ff5a7eace9238f265dda627013007ca083274027706b0cafedce84e3f9ff1d2dfcd7a1d1b96d02bcb40f5783bd0271d93b8376a4f3ba2dafb95f1dbaf6e76655b407f0ea0e4217f0adcdde1ce7dacdafb3501331d511c5efc7ee855616d4bcc4e1c6305c18300b619f2fd02f8bbefe927337efaaaf2d44a9be598d8b5c06af5b28d31f6edec89454443b605590544544f3adcf4e350bc5a6231914071796d0c255ce88bc885c5bdd58e8e00564b64fa8e4e24f1a7c0f82f02721a505472f6c755742a7b5b55c3ec6e409e663d8c0cc32570572f6002f7ca3d3f3eea951558ba3d1497012866f8f36744aceb1c93b8276a278a1d8a1d8ab7905a91f5da7f22c6df1ea5f6b856bc500b47c98d747d458131c5ed02decc791bdd5ffa56b43638263e4b057f05d03ce8d704afa9ea51192ffd95e5687fb77cb5d21628ac4503fc611b63f4ce3198b101af6f221a0803584434d8cb8edd82292d35b9698230f259d4cc50c288ebfd0140b6f07ad0b546f2191835c97d1c93b83ed0e031288e056017584400e09f021c9cf5d2bbe4dcf6cbd9dbaa4a97ac06ec9533420c97c09d8998aba3b3a7fdbf593f7db2f19ad687e08c22f32bee2382eb6326f9a463c74fa8e68f3c99ae792f67bdf49704d641009e29eabe63a1b136ee7fc50f1f14c8d5a50e1f8c354dddcc31b17ff7fd0034185781f3c6b85ddbe7fcf66b2b512f392ff51b00b70cf0a7ad22b67f6fac29fe095ed944d41f035844348036e3445ae605267203d0da506b5ba796a410ca74e0b53194f07dcccba9a2e019865465dc083cf9246ac7bfe498f87d02bd07c52566ef10e07796676f9ef5d24764bcf46da8b1e9e347dfdb0613b98f14c324707f8435545d4b313b9b75d3b3b2ee065b88e26b8016dc7b47a19f84c8154e445f7022899993901c5badfdc978736ecf7a1d3b0b703680ce821e268a9dab7d3c9a31631d000716fd96022969085fd44e1ea59efd0820bb0d5a4fc05d81859d735efaec8acf506907a702f006d8a84dd595db6b61b20122aab1574a560111ad6e6663cc2c5908c509003eedd82dbfabb52dccf5a49e05707308454502c51f8133c7547b9f44704dc1cb40c78ca4332f6612073926f1b088fc0390bd8b28e20508ce18e3756d98f1d2dfedc065aff27aae99d70d06364688a112b8ab3250593bdabc8c9fbe2aebb57f5a447685600100b7a022149b407161a7d15763267156f502590b7b325efa3cd7b3b781e89f90e70f120aec50ed24f556c43f16802966d9dee183731e286ecd539a1c3b71b188fe1dc06017eddb501c9bf1d2fb77f6a4ab32cc3bdb3df745c8203fe0093e1144acbb638dc9cd793d13d147f7555601117d6822a646a3a6eb26058e5ae50562a66327be51839b3b2ba472b673ccf25f557b67b25ec722001d052e668f80d34ea276f228c7241e53e05600bb1651c6ad000ecb7ae9adb36e7a56c57f41a66165dca54f02e0f0cd1160a804ee1618c0aacdeb2ff568d64d9fe07af627147a2e0a1fb2beb602e7769ae02527123fa35a3ffaacc4654bb26efb3714ba9f024fe4f5900c74ee38c4d7ad5ae52b8e2bfae1082c4411bd877b273c89dc09c1294314be50bd861db27efa2fd53e3f5571c910f5b7b10658e4344edb82573211f5be6b10110170306d428fb16f15e0807e7f7a3fb0b5e692f266bdf42d028494885b4f8f99e421d5dda3853d02dc59d8dbad2cabe773aeb7c755fca1be5f88772a70f100c03f21b257d64b1f92f5d2ff028709d6b0853d0098c8bdce0d9fc0dd7b8cb554bb56e2b22539affdfb0d9ebf2104670078bbb012643da89cef98ced762267156b5025939affd9e9cd7b12b44bf0960b8e7e0ee9691479acdf4cf56fcbdaa37e8b247d16f26c0d5053f57ed646b60fc2701ec39c857de520d8eccbae96372b8f8835a382f735ec78300064f18afba91f8d69dd1c6a95bf32a262206b08808e3105f578d75c7402f3ca2724a674ffb7f6b70b315d033422a4b14c19f5a3063d36aee5000dc53d802fa413d9e6f7d81ab877b7b5c0d9e9763103d102c082cfd64d64b1f9175530ff20aae0faa60ef9c3a37740277bccc04eef5e17dcccb65ddf4ac315ed796109ca1c09b0516b1b602e73aa6f3d5ea05b216fa59b7fd62f5642b5549f53e420779c0031b5a08163991c42915dd445f8aeebdde3b7c305d48fe328999c4592afa5700d141be73ad7a0d9fcaf973afafad3372a10f1d7a721e053610df5ed4dc10df965730d1e8c60016d128371ec98d6d23f708b0e3002f7dffc8f8a985b5baed19affd0e003785539aac1518ffcfd54c5a2f12dc5bd80278bf8e4eb5bee4ecc9478b0c5c7502f83fd7b337cbbae9136a34a84a43bd7030917bdd1b3a81bb30cf599d79170b9667ddf4ac9cd7b485884e87e2a5028b58a72f90f5a213499e064c69aaf43ee4907a3fe7a7a68be81e001e18b2cda3b8d88924bf59c1bb5e09b30fe63f7c7022a6461d93f8bb02e762e0494fba203823eba5bf5c2bbdae0678017a378f6fad6f05b2a8b961da2779f5128de2f7495601d1e8156d4c6ce547f41e005baef147c5abf0ccd45adf87c0c27731d00c36c5d92b6ab75c58ad7dc9bafe9385ec8b289eac8bf3cc243eed98c45dbdc9d9b5d059a1de07e41cf51a36cd7ae96fafc4654b78e5d6ab80018e3a377402f78001caba35bb3be3b6a7b2fe065ba906470228346dc024a8ce8a9ac80bb1483c09b4563c3f63c66d5f9cf5d29f86ea8980be33f86d482bf2c34f2c12df15d0a287bce53b7cb0b921b17d8f310f03f8d2205f79c6b7648fac9b9e859a1d66dfda20d0afe4f9e575adc0ba637c43fc53bc6e89462706b08846a9f10df14f898fbba1d878803fbbb0e4eb195c5af33996fa66ce991d56792298ee44926756676fe67701782eefaf476a2f37d9aa5a22d377744ce24601fe0d60df02177f1b22df1ae3756d9af5526d35fbab3115d0c0cc3c052672af6b432770e710d1fad716e4fcb9d767bdf46eaaf265400aca6926c086aa32c7312d4f44edc49155d801cdfaed578ef1bab700e41c003dfdbfe0f9fedd15d91095a293b743e48d7c860f3a76fc042bc0838305ca543127eb35efb6bc27f5542d9f758e89fd568142668b5cdb0f70474b64dacebc6689461f06b08846212792dcd30fe44e0003cfcc23bab09e720b65bde61f02086f4899eaefa276fc4b55da9d3c8770e80799aef6576bf1788c4772e3a89d9c13f4f6c8f87c818bff4f80b3b35ef3e65937753e67141c4916f600f80feba13e0d9fc05d1f672d8d189af353ffc87aa95d043818c043052ebfbd08ae754ce2fe6693d8afd21bff2e162ccf7aa936b5b103a037aff2a7675760de5be5df82360bc0d78b5d5a147fc190bda5ce1c13b313ed10b902c04017e532511c9df3d33380f357d6f28916b513870332b3885a5a2b50eb0e2792dc93972bd1e8c20016d128d362920740f53600e3076f89489dcd2475fe4a11eb04843794d012913f5563d622285ecbefdd0d3537eb5e14a7ae153589737da3cf89681240fec34844dee8cdd1d1bc69c64b9f57eb2fdd54e4e9adcc8355af8649e0fe1213b88f4c192f7d5bd64befd917c82af487adbd2ce04ec7246e6d894cdfb1d2db9eeb4e3f9ff5da3faf1a1c09c5abd00267fa2dfa3debcdcf029854ecf222fe9f077dce3626b68a9acefb55306d90afdc637bb253c64f5f53ebe7562c12df55047fc0c079bbf2aa6aa8decc2016d1e8c20016d12812b5138707d01b01340ffdf2547082edeabf64bb731e01e497211639d642707d2c32bda2752192df102b09e46fb552f7eb62f2b898499c25a6e72501ce02907f225fc1eb109c91757bb6eacdd1c1c0d5887ee9b09827a95e0d93c09dc77584eb0b64eda5907d150507820e0a3478d48924ae8a35c53f51e96dcff973af6ff6657b98e0f795589fafc5276f07f06c873b77c01f116376fc68f1f1d04093ee00f0013927eb751cb00ca9d76bfd7c6a894cdf5115ff02102bb528a8ded662e2fbf32a251a25ef92ac02a2d1c1b1135f17c1dff20a2ea87e356aa67da6def631eb4dfa05801bc3ac36d5e05fb14872974aed83aa8e1bee3b02ac6cf2bb6eae7e8db759d14832bed234bed837fb51fe2fa22a2fab683cebca16bd81abf95dbc4a4705063aea1413b81300e4bcd4bd392f7d80400e456f7ec3fcdb1c8a56f5e499a889ff7a22a6462bb9dd6f21b522db3df7c50a3c178d887eb98402feb8e647678e714c7c968a2c1cf0392b785da10764bd541bb0d0aff573687c43fc538106b701b25648453607907fb698e401bc4289463e06b0884681682419476f37ed489e8b1811fbcf519cba567ded699b37c6eb3a06c0c321163a41556f7322d3f6a8c82e880c9fc854e52fd5ce0dd562e2fb3b66c962514d03b25ebecb29f0a68a24b2fea4ad736efb5c20e5f20a1d3d98c8bd7e0d95c0dd86c5192647dbb5eca56ec97ae97dfa02598504309b0472768fb19e8f461253fbf2458d188efde62100d62eba00dbfaebaaff6c6e886f1b339d0f0272da20cfd46bc4353be5bcf67beae27db421b98d1fe05f0026865cf4b800facf9899fe395e9d44231b035844235cd424be25aa2914928f0800543712d3fd07a0cdd4d3febe8b05cb03cf3e1c9a6f32f4bc8c875ab744cdf4bdcbfd620760d89e6f62c9ac6ad5ef049cb49113495c1940ee00b053018b2e15e0ec9cd7bc55ce4db5036d1eafced168610fa04fb11eeacb7009dce1f53cc65a1a9dfa0259bb8bca31005ec87f49594f14731df3d62355c93759b696957cad84a51fc876cff9a80e7b67199487079aa14f8095109c91f3d247d7c38cd100106d9cbab5047a47213f7a1568ac22b82e661207f1ca241ab918c0221ac16226719600bf47d10932e53027f2d6e5f5f60b69272efb1f4c70188030671b8a09827f454d729fb2dd907dec30dcb1526051873be7894ad7e9ba983cce31c936cf98e7a1985cc039b55c81f32ccfdd9cc9d9096022f77af4df578748e00ebcd881f91daca5d17d5967fcd4c2ac27db8be8f4c29ebdbab385e02ec724ae8f354dddacbeab614a13144715bdb8e02f003001331d2792f8f310b30c3e14d8d8a977f87d7d88364edd5a7c7b1180f5432cd6c59a93d98c05705dcc240fe165493432318045343249ccc47fd79797a8d4d6e6f18ebd6456bd5540b67bee8b81651d0ce0bd30dfc1047ab363128796639b03e8c1c37d45046755b626db2cc78e9fb0d234be08e84f917f82765755529e275be6bcf4d96ce0d2472f1e16f360d59ba75f1a3f54a39bc793faa4dc8cdb9e6af6644b01ce0650c87dff70f5ecff3a263e6b02663af5b8f7313bf24500c56e7be0b9fec25824b98b67772d86e2eb037cc753e0bcacd7b16fae3bfd7cbdd48bd3386d0bcbb76f47b8c1ab1e556d15c17400c16aafadc018855e1fb51347f29a241a81ef91ac02a291a6d58eda89390af97668450abee998c44feaad263a7be63c635b7a108030a7771f07e09fd148fc24845ae829eb5982e387fc92229575d30f57aafea226beaf63de7aa4f757e0bcbbfc07102c10a35be7fcd4f41548bdcd6b92fadd5018f0a83343277067008b56f716522b325efa3c78c1e602fc4e807c7bde3600729a67ba9e8d4612535074eff1ea500ba50c1fbc3d12b10e57d5fb20d86280e7ff2b0a3920e7a5cfee1d8a5d1f5a306d1378d6ad0a6c1062b13daa7a4cce6fbf36e3a6d32298817e412c000d225818b59347f18a241a5918c0221a51da8c136999278244190a3fc78924cfacb71a59d6d3fea4887528c20d62195199db17d40be505db8eb8ffa7c09821bef236fce08795a8b366cc58c78924ae10c85d80ee5cc0a2b7f896ec9475d32764bada5fe1f54803c9b8780a00679dac23432770572670a70165317769c64b7fd7f6742b08aec49ac3bd06b3be282e774ce29ef10df14fd5c3beae8bc9e3a0f8620945eca62a730034f6fb5ca1b86c8cdfb543ce4bdd5b4fc77f3c921b07b6b508824d432cf6a3e0d5c7cf94a182587a55b31dff0aaf46a29183012ca211636663cc2cb90a8a13cab60ad5df87ddf3a8320de6398fd8961e00e0dd108b1500e7444d62610c278f2fa5a0a8497e0f8a6387f84ab7c2fa6a16739796b7a67a870b5ac67fbaef3cca3738f7bca81c93f5d2872eef493141370d23e502fa1fd6439d0421864de0ee3dce5aa2a12c45fb9b59377da288ee0ea090d9f23ee307b2b81e861576d94d5f446ffea5620df41ef13f551c95f5d327577be6e1424dc0491bf9361641f089108b5d2378f5f17b5e3aad226b0c270410b144ae72ecc4377825128d0c0c60118d00bd09b6bbae57e0cb655e95884aba1e7fcd5ad6d3fea4dafe7e0abc196a85005f55e33d1db3135f2d7ce9563b6612bf15e879437d4b454fcd7973ee2f67fdb444a6edec9825ffee4b1a9beff4d64b05383beb75ec90f1530b792552de54d86ba74e0c93c0fd05e6b7a37c65dcf6c5592ffd59d5e048285ecd7331f3e1b042c78e9f50abfba69684fa5e24c0dfd593ed737efaba7a3bce1310dfd0b3cd22888699947fd0e0d587726eaa7d9020960dc1158e1d3f9e572151fd63008ba8ceb5604acb4ad3782b80832bb44adb16f943b349ec576f7595eb9ef79cf1e4330209bbf7c7fa2ab8da318907a376e2cb40ab3ddc02cd38696dc7b4dca4c07786792dfe79ce6d9f5bcef3c731f159815a0f03d82bcfc55c5549059eb74defcc82f5938f836aa6b1c7bc49758209dc29f467b13ff7faacdfbc5d5fa2f75cbecf59885c1135893b9a1be2dbd6d61e4d6982ea17c2aa1e119d9ef1d25fc921f57ebd1ddbb1983ac933723b049b87586c8f6a70f450c1ab8f2acf4db58bc837b1e670551b22f3d9138ba8fe195601517df32391a344b1f7404106008b44f0770db41322c703380421e46c52608c055c1b8b240fccb8a947eba9be9621f57a8b3765dfc044ae11e0c0908bdf43047f734ccbfb90c48d02dcaf81bc11d8faea989ec86b3dd00822c1e6d0a055a1d300ac354c4dff32ebb5972d797ecc4eb606a2b301ac5bc062b70516cee8ec493dcdab8f8a65c35f1cf037b4ba307402770622a958e7afcc78386f2ca62eb06df353118d238f1fd60538400279c231f14bc778dd3fa885a175513bf27900d1108a7a00763039d33df7c57a3ca2cd98b18e65fc5b016c1562b17d3dafe65e9fef021937756934927445754ebf73ca86e0ca682411c9b9e9f9bc0689ea13df1e89ea5c931bb91a40f6e3b73b790322a71baf6962d64b1f9a71d39765fdf63f64bdf461023d144026a455c754f5e668e3d4ad6bbd8efa0fefebc0fc8e9cd7f179282e42fe49650b31118a1354712944ff6905f84fb771736abca5aac1c30a7c0f90e182573fcf7aed3f2acbcb76e3d4ada326b14845af429ec12b019e12580765bdf4c19d3d6906afa8241daefd1f30917b5d183a817bc00016956405e6bd95f353d321f269000fe4b9580490d356da639e74ccf4c3aabd0f62e1ab2516e101724ed6ebd8275bb7c1ab93d6b64d703b80ed422c76d8618383e9ed89356062774b14f39c48e2145e7d44f589012ca23af71e2ee984e24f00b20a392beb366e997553172ec5ec6cffef66bcf65b2d090e001056b7f4b525b06f99809336aad5fa8999c4792ab83a661267adfe97853d593f3d53219f05f0420d6db20fc1a9e5e979d56662267196f8f6e302ec9fe742cb013927e375ec96f1e6dcce2b8ec291720130e17f8d1b2e81bb78d663ac250ae55c73530f66bdf4a7a17a2280f7f25a48743320b8c98924ae8a2239b13a5b3eb3118ac34b28e0bf22ba57d64bb5010bfd7a3c76512427dac6dcaed04f86586cdec306079371d3690506ca312a505c148b24a7f3ca23aa3f0c60118d00beaf6df0824fe4bcd46f80d9dd437db7c39dfb9888f579acda6bab148a8d3d13b9b51927ad5d6bf532ae21b9436f6f2740815f45ed6947f4ff4ece4bdddbe8457601e402f40ebbaca6e5aa382aeba62f09bbe096c8f41d1df3e6fd0a9c0ba029cfc5fe697bb25ddf8b35f35c51b85499c8bdc60d9dc05d9e5f865486b54461de15b27efb95e299ad01bd106bf69e19ec3da4558c3e5d8d24ef51bbeb6000b1a2ee802aa9315ed7ee19b7bd6e7b323a9836418cdeaac00e2116db17bcca7fd8e06072de063fc1c0335f8aaa5eea44e2a7f2b223aa2f0c60118d00cbd1fe6e167397e6fbfd8c3be711053e0f20a4dc11bab518735b0c278fafa97ae9493d858f87245822d69fc63524d778c97a0f977466bdd4996ae393105469363dbd5f6d7fd79c9ffe67b8e59e39c631c9b640838701d92dcfc6c08b000ecb7ae9239621f53aaf302acb196f310178ad1b3a813b870f52796470e9b2acd77eba42f693fc7b6aae03912b1c93b8a192bdc22d1433fba0be2390c3727e6a7a2de4f02a560c278f87b16e05b05388c58616bcead5e6b99e7d2c069e2c40a032db89244ee75547543f18c0221aa5725efa3ed5e05884d4eb48804fa9716f581793c7d5d27e8ae2fc55fed96cfb7add60bdc572dde9e7b36efa1885ec0be03ae4fbeb6f69fe07c119596fc37d72ddf39e0bb3e0a849eee398e58f01fa5300913c8ee14a40cec9fa4d9fcc7ae97ff12aa172b2c104e0b58e09dca9baef29a97b33de06bb407006f29fadf00b9e31ffe90d4ab495bd9da3963e01a090a17fb7fa1e76ca78a95beaf9d88c4732a6c6bb19c02e21165b70c2f67cacc4654b049833e8ab8fe2829849fe90571c517d60008b6834bf1cfa73af87ca148416a891bd579aa6bf00c948adec63c6efb8068a97567955d9d432e66f406bc3502fcd592ffd25d8d63650cc06f0bff0b74c9e13c1c959af79d3ac9b9e05b485162c1b8f64cc31f15902bd0bd07c93ecff1346b7ef1d2e38f43054a23074b8f2746fd0946ad55009dc15ec414795d0e665ddf42ccff3b78160419e0b39505ce0982577451b92db9473ebb26e7a56007c2e8ff704bf3751fb06872d47fbbbf57c442660a6e31bbd19c01e21165b72ceaba15fb9f42f43fd59a1bf8899e4d9bcde886a1f035844a35cd64ffd098299211679b813c1bc4afcf2999f853e2cbda8df87fb44ed968b86ad9bee392f64fdf46959af6392403f07c565803c87e2662ecc28b048216705966e97f552db64dcf465c0f9a136e0a3f6b4237ca3cf00725a5ef7789137548323b35efa884c57fb2bbc22a87252ae32917bed3e1b8649e01ef1e471d61255ca0acc7b2beba64f80ea1721782dcfc5f6b1027d346ae2df055aed726d5ba797becb78de6ec0c079fd147853a107f4fe40d416d4f371581ba7347ba6eb46007b85586cc8c30607780173a3cf60981f6b15fa6bc7247ec4ab8da8b61956011165ddf42531931cafd05f8452a0eaf18ebd249bf55113c9312dd79b1f98c82f018cfdf03311249c48f23f593775e1f0252cf4331eee007007d09bf7414db0a722d84e800d20b20e54d70520102c03e043e51d48f09a06f29a15f19fc874cd7bb99cfb3801331dd7eefead8826f33e4a2ae988d7f8dd8166ac24aa08d5c510d98315517b98c09d6af27dc56fbf71929fdc2e67f427027c07803d7450026304f21bc7b47c45edc489b9eef4f3e5d8aea5b8fc0d7853f67522913950ac9a4cfeb6c0d3e3ebbdd715004c42726cceb8d70bf099108b2dcbb0c1359dbf1248f818fe87bd9f474da239e7a5d91b8ba8463180454400808c97fa65cc249c0f67ed2b99e014c724decf7ae99f567bdf3a30bf23a6c9bfaae849fd1acfffe7d8f117b37efb8d05d5152e5d060f3703b839af05ca3c3176d4243eed69d71522d822bfa0015eb244121d7e6a11cf7caa26b5b05894f5508b864ee0ce1924a97ade426a053c9c1d3589eb046807b06d1e8bed65f978dc8924be9f75d317a2b89ed4c398df957571622c12ff37542e50c86fb2dea49fd57baf2be0c3e095fe5380fd432cb6ec3daf567b2bcdb3dd2bc0598e9d782aeba7ffc8ab8da8f6700821117d24e3a5cf5695548845fe246a92dfae9186f240093c6d88fcb9b921b17d7d1eb1294d51933857807b905ff0ca53e0bcacef7eb2c363f08aaacf86cd40488d1a2a813b98809f6a40ce4bdf97f5dc5d00390740cfb0ef01c098dedc58899b2720be61d9dea5dcf6143cb3c1481832d86b6663a7d185021c1062a115ea79d56b02e21ba03788958f1bb37ed3d5bcc2886a13035844b4dafb5dce9f743244fe1a568102fd6d34129f56ed1dcbbaa907013c3ac09f1c2bc0df6238797c3d1da8f10df14f454de44101cecae75eaec01322d6debddde2e777f154a75ad0e1aecf44ee356aa804ee016720a49a31bf2beba5da6c4b771f2c07d5000ef18cfc27168927cbb555195cba6c64d46f6b8363baae01f085100bed0b5e952961fb007c83adf2fcea8d59afe92b9ccc86a87631804544fdb4055977d90900fe155281222a9745edf897aabe6b22970ff297add4787f01daea6058759b8999c4597e200f0bf0a96177195809c839394f76cfb873d8db856aed7cf6147892f5505b8649e01e34780d8fb396a8962ceb697f32eb6db8370467005891c722315599e344125745919cc81a1c486b83635afe06e08b21165aded90607bb694176cae36bd766bd8e2f33784554db18c022a2012cecc97acd5f06704f48051a11b9ca318943abb95781ebfe158037c89f0f71cc92dfd5f251696e886feb9825f729702e80863c16b9576d6bc7de610c2997e735d524057bf3d498a113b8e3794efc40b5a9cdcbbae9596ac9ae001ec8f3fed32a469f74ecf817587fab4a461cd37215420f5e556ed8e0aa04baff305fb931eb357d0d58d8c3634f54db18c022a2419cbfd2f2dc23013c1e52810d00163a91c4eed5daa34e5cfe1e80a1723f9d1e8b2412b578341c3b7e8215c8c300f2a93f179073b25ec7fed9ee392ff05ca65aa6160358b566e804eec29e9c54d3723da967b35ec73e029c8d3c726301581f22373891c49593901ccb1a4c466246ff0a20ec9ef32a805b8dfd0164df21bec09e57447584012c221a5407e677049e77088067432a320ad59b9a1ba66f57b5c632f4d621ffaeb8b8c5240fa89563301ec9981349fc1922570018974fdbd39260cfde5e570b7d9ec554eb0c67b4ab394327700f1870a43ab0d0cf78e9f37c4b7643be543239c300008000494441543fc42926771a7d785c437287d15b6fadb613d12b14f872190a6f84c8dfa376e2c84aee9163e473005a06f9337b5e11d51906b08868489db8fc3ddb934321f2463825ca5a1204ff6ac18c4dabb13fb6e86dc37c251240af8a35c53f51edba7722c93d7d1b8f42f1f5bc5ebda11766bda65d3bdcb98ff1cca57ab1ac67c36798c8bdb60c95c05d39e493eac8f29ed45359cfdd5b81f300e4f3a3ce7626d0079d48e2f4d1575badb61369f90314c79671250d22b82aac219b2d26beffb06f9d1a1c3dc89fd8f38aa80e31804544c33730917a1d967c0ec0bb619427c08681eddf360ea7ac57e97de970377a0ac0702f2b13d5931bc62319ab4e8db7594e24713a54ef81e866c37e5df16a001c90f5da4fe78b18d59f364f8127580fb561b804ee8d5ef0386b89eacbfcae9c973e5b81cf42f1e2f08f548c81e2829849fccdc1b409a3a38e5a6d27327e7e9e3f98e5ab07a2df146049bfcf1b21f237c74e96905f6b4a9363272e0f208b622671de60df6ac19416157c6d803f5d9bf53a8e61cf2ba2fac3001611e5d7a8e99ef382887c0140269402059bdbc6bda905535a2add5816e0f93cbeb8ad6f8205405b45ef931310df3066de5c04c505002279d4e38206dfff54a797be8b6729d52d15f6eaa911c324707fee7dcccbb196a81ee5bcf47d0dbebf8baaa4f2ba2d015f46c47a2c6ae2fb8eec9a69b31cbba51daac78758688f6a7074d66dbf58ed60ff8183587a4dd49e7644a1053b91c4ee5113791082297dc7e9bb4e64da1e037dd73791a9009afb7dcce015511d63008b88f29671538f2af408e43745753e760a4ce4fa4a274d55e0edfcbe2947389125332bb55d513b799467e409857c368fafbf0b95c3b36efa043628a9dea9c5bc4ab5629804ee3c4e54d7dec7bc5cce4f4d57c59700fc2f8f17868d05728763123f025aed11582512b3df9cf3613028243daac1d11fce3698ed9efbe260412c11eb1ac74ee4d5eb6b6d9cd21c33f1df4171bf009ffaf00889e094ac3bf7a1359768b545f1cd7e1f32784554e718c022a282e4bcf67ba0da8af06692d9a7d3e8d5bdb3c454acb99cef30bbdb1addc8dcf26fcfcc46c74e5e24a27f0790cf70855b7d4f77ccfaa91b7846d248608479956a0513b8d3a87897f1d3d7f95e644700b7e6738b02f0f3a869b96d2c92eb8fa06a10c74e5ca222f110cb5c2d78f5a12182581108fe14b513a9217ae48b63c74fe836ee730af936808f03898233336efab281168adab1c32158359f69998257539a9c48fc8c4af7d8271aad78a11151c1b27efb8d509c002008a9c8cf3b11bdb2420f7f81c8a7f2f8d6c2acd774f87bb8a4b39c1b3301276de498ae3b217a6a1e5ff7003927eb6d70d872b4bfcb3391468a653d99a7115ecf4e2ac1d009dc2dce184923c6725cf24ed64b1f0ac11900860d6a08b0bf31fa44cc240e1a01bb2f8e9db810821921963960f0eaa377c7be2016d6ec052f22480426f246d424163a26fe8b98499cd5fb5ff2378e493cd33713f3a4d5ee4790b3b26e7ad6601be3fbd643f87816edb204afc660c6068e89dc0995f31df3d60f795511951f03584415e244927b464de23bbdef40f52feba7ff2222a700d0500a547cddb1975c5cf6e360a61f0ac526c36ccb6559b7e3d87227448f99f8819e318f00d86bf8574dbcae08f6cf7aa936a02de0154523cb421fc093ac872adfd7874de0ee31d93e8d349a75d3b344accfe493e01dc0da0adcec98645b3df7b8714cf2ff206b0caf2bc590c1ab8fee31dd735f1491c301740df0e766018e06e4870a9cdbfb9f7e17c03603bc14fd24e7a57e33d4ba5620f5b6e7c9810066952378e544a6ed1131fe62007bf69d4a3f8d99f881bca488ca8b012ca24abc2860da0404fa17017eeb98c475519cbad648d8af8c9bfa7ff6ee3b3c8eea6a03f87ba648b2ad9d954d31d8106a028424841a7a09bd379b9260b0adddb581989240200d4448be0049006370d95d198303046c3a21106ae88150123a846e1b8cc1d6eecab6a4bd33e7fb4336c8b2face4a5ae9fd3d4fbe0fefcede99397367e6ced19d7b6741706e68050a26479cc4ef8bb7c5358e40ffd8614b16b83ceba74e5ff5405d2c1275e21728e42100eb771e16dc2979e7fb3953fb34cf261ab88f9160ef9e3ed6c900ee6f71bc3d1aa832f959ff2ef3fd1d20f2972e2c6e037ab1e72cbc3b8ad38797dabe469df81f013d27c422bb94bc6ad1767c49809a9edf2ae4ffb226796957965d81e4a759933aa718635e892d4bb0e6b00fb60237f5c50cdb448309135844455763c1919b20d874d50747889b7f39e254ef3110f62e9b4f4d55e865a13508a0bf8c38899f15635b3d77d114857ea79daf03889c9d33a90b8b19af0812eb7a4efcef0a5cd6856b700304e7644ceab80c662ce3b94403995a1c07abaf753c803b8f0f0d6c5f60762e9b4f8e83ea6900ba327cc011ea9a57da9b01af37449dc4af226e7c6297db204eec0f0a9c17e226742b79b55ac6e4a742f0510fda887fce9964bf78552fd390fe002277b4dac20d1c27ffd7013ae03f51bfc00416519179cea28b003964cd2735dd58603d5eea5dd057cb99f42f004c0dab3c81fe31eac6e3a136f2ecf809506dafbbb951d158369fbca6a80d4d77d24e62eb0b000eeec2e26fd996fea0a3f11d8806928033dcf5b98e077067028b0687ac9fbed132f677013cd7e9c28a6f40ad273c377e76efb72f13bf51e8ef4491f6ecf8f51eaa3b980426e17a4e6caa40c2fc235d8f9257cde63420d08bbaf513c5b519933ebf7fd516ff4ab41a4a43817d3c277a09cf24a2e260028ba888a2cea4fd01fd753b5f3babbba00f84570ab366f44f21b825a4e2441533a276fc84508e831d3f41053735c77c2d2ba07a742e9fbebea80d4d377eb66af04c8b9e781dec3d6eac34b2e3b2a634c704a2416379d3b237002c6724fa4ec703b8077cc593068d3accfc306beaf681625a17162f87e26acf8dcd1985c4d0ded83ecf49fc06d0df7ed56a108c8763bd1d7513a703356bb475aa50bd89e7e893809c15e2261490bc5ad56ef4ad5b007469ac51554966fdd459086bdcd5b0dabef9dae715b8bd8d86dc2f3c277e30cf24a2f031814554242330616345700b5a4ef7dbb623e034bd52faaf14d604d9bc9c06e06f211568ab60aee74c3aa490423a495e2d53040765fdf4fdc58aca2824867a6ee2af505c0dc0edac4108c199d97ceab445487246361a64e6f9803269db570f629d0ce05e61ca39803b0db66b5253d64f9d258a1301743efe9bca6939479f8956c4362be656ad8b8911003f6eeb2b559d1e71167ee039f18756ff2f70ac97f1d540e3a1283879d52c9987e0b34e1713bd21e78f3a1dfd2c79d5c255ed3c63cf1d81d8463c8f88c2c504165151245ce338b70058af2b4b0bb0d1c078a53099cf9acab1027d22a402cb80605ec489efde931f7b76ec6415dc8cb693578b022bd8bb9803a38f406ca37a27f827544fec421d58a8b0f6cde653d379fed0a0a5c25e3e7da49301dcdf5c82e9f58c120d46193f759bdad849bb3053aa00dba9917f479df801c5da9e2f303be79b601f015e6daf4d09e08016ff0b73a0f926553da1f0e4d5ea6b3e5676fc35e667f31bc5faf3eccbb6c9bfd1ce57eb1947fedaba471c111586092ca222f06cfd3380eef6a81a20af145eb5d232d651005e0aa9c04a01fe1e7126edd6bd63103b152273d1760fb8772d63ef51df54fb5ab1a21071127b1a47fe0dc84e9d3778f50963dc9d7266d6b33c7b683053701cacbec201dc89da976b4cbd9333f91f886aba0b8b8f50e081a813bfa058dbb31ce9c581911f02f2722f866155cfabf4dde11457e300ba5efbf703dc9e33a34f066a4c7fae1b0615651d7cbd47d459f87b9e4144e161028b2864513b7e0204530a28a2e45f295c86642630e610006f8554a427081ee86a122beac62743e47ab49dbc7a2930f69e7598f961d1ea801b4b08f45100233b7d5e875e9331d601cb31fd339e3d34d8a9ed3351d2473a1ec09d894522604e43c64fc757cd52d8d96bfeb60297796efc2fc0b9438ab1353924bf1063ef0fe0f95ed8f9905e1b6cd1567216ee0b483b7fb0d57b73a6ee47fd3d7905005a168ceca4a1777ec4ae3e92e70f513898c0220a51a43cfe2d15a40a2d6720bc52588feb9738460fecc934c9ede842126b4ab9e7c4ffac8a196d5ddf1478cc3115fbd563e6e7c5d9ebb165513b96529559e87cbcab7a5139316bd26703c93ccf1e22a0be29fb2638907b9fe878007726168956cbfae91b2d09f684e2bd4e1756fcd873ea9f1a81091b17635b3298b1acdcb8fb2bf058117739dcd706bf6e939dd7ce570f658d390198d7540af5c10982d33a6bd68b5873aa50bd09cf1ea2c231814514929118374c7cdc01c00beb9e58eaaf142e457a012ceb40008b432ad213040f7a6eec4c20b1468228521eff96e734bc0ce0a76db61e803b73267fd8524ccb16635f87e18c0d3ca7ea5115897561f137d5929d337e721ecf1ca296e6f9003858786f3f90773c80bb3fd434bdc228117dad2e5ffbb2e5e77702d095d7e976308ef39ce756ef528c6d5982e9f5434dc391454a62f9aa726278af0d368bba937602b0d62c7d0a3c9a35954703731a4aa42a88420eefc2722302c7ba15185bc6b387a8304c60118564a55b311dc0b64528baa45f29cc36ce7ad712eb60007521151981cab59ead6f479dd89fa24efc82a81d4b898f97006cd376eb42d3195337b6580da22ab77a7bdbcd3f87ae8d7b76bf6d64b75c53f22d9e35446d510ee4decb3a1ac05d206f2ec65cf68a236aa50e73eab22675ac001702e86c90f15150eb89881b9f588c6d598cb9cb73a6f270000f8659ae084ecff9c9bb42bfcaab7f511b1f3f39d4341c055cb5b2346ac0d832cf89ff09c0d65dfcc10f3ca7ea0a9e39448561028b280451373e198a533b58e42505fe20a293203807908b560d04fa50575eb15bf54ae1631127767ef33f4bac91979ff51f881e0a20bc59ac049b29e4670a5cb6aad7533bdd07f49a8c9f4eacead9113acf8e9f14a8f50c149d750d57407f9f35a38f5c866486670d51bb670a5f57eb651d0de0ae12f078107570c5ca98d4e5aa723c805c27cb968ba236eac4ff589ce121ae5a99351547031ad6ab7ebfc9e453a9b0b7b2ca89ed0b48eb31a19e2b33fee1a5922c8f9425b68e3ac35f443bbdfe3b7056d48e1fcfd386a8e738ad275181a2eea49d5483ab3b68dbd464cd46977634057014a70f1727bf9d427e1000074b734f9ed6dd8c5d815ce1b9b17c369fbebad4e294cda79f8b3a938e51047f0350de1b8d4a855e9033e93f166b059e1b3f1b8a2bd1f91f031aa01acffae9bff08c21ea5860cb8b56c038f4260ee04e54989c9fbc2b523e7167f19dbb01ddaac3c609705ed459b8e53093f8f122245784bb25d31ab326717cc4d19b0518d3c3428c402fce98f4ff851fa9b1650ab9a6d5872f5a267fe81798932b85631db163474ba0372810edc1cf4505d747ca27be966b9cfd36cf1ca2ee630f2ca20278a81ea141300fed256414d3b2267d4947c92ba07910ce3a937e3c635297e74cea87e5c65d078a5300fc036b764b7f6348be3155aaf1ca98598fa8ca49008a3dab8cafa2f1e225af6a9c881d9f09c5d59d5d4715582062edc5e41551d7d437d5bd050ee4deab3a1ec09d3de288ba22d738fb6d187f77000f77b6ac02c7e41c7d6604621b85bf25c97cce8c3e19829b7af26b012e2a4ef20af09ce1bf54e0bb2de2f05f356507d7614e5dff3fc2354ec4895f262277a267c9abd522f0eddb8a353b25d140c7041651cf6f64161ceb4608366da775f241a52f17f6a4e425985e9ff55337654dea60c7e82602f9058097020b2794fa5824393f791754ab9bdb2d45d118a89e90cba76b8b517814a70f8f380bff2182495d58fce9c0e84e99fc2c8ee943d465f37c00af300ebda3f301dc1b38a83e5157cf27d42ecd9aba4314b8bcb36505d8ce77e4b92ab77afb22b4514d363ffa5451cceee60f17654ce5d5c588cdb0b2c47701fd458b8fde50630ec8e1ba2ffbfb711d8a89a33c67e1e3025c801086f210e07b9e9dfb33cf18a2ee63028ba8873c67e12f01b437f348c6b282e3c3e81abe14e9051993bc2c6b523bd637a55e1f100d3c3f7d23046717a1e83a851e58efa7ef28c676472b266eae8e794680fd3a5d5831336b64bfe5482fe6d942d45dca5e3fbd8403b813856d9e9f33a90b553406a0a9e3a60246076a3d1e75120785bf1d3541c64fc5a098def5dfc86dc51a44dd56fd35be1e1ee31d63e4807a5cbfa4bf1fcd4a67d2de8e63ff1b5d9ba8a71ba196d33d3b760acf17a2ee61028ba807a2cea4fd01d4b4f3b56f418fa9cbd7becc48b52f9b4f4d03f0bb101f783fb304fbe54cfac9626cafe7c67655633f8bce679bf105b830eba74e0792791e69a29e9cce7c6dadb7743880bb724648a29ecae5d3b58ae087003a4bd2780abddf73636716e36a9af5533f017065d7160fea8a150f93977300bc0595f71da3fbaf40f2d37e7e08c573e3675b081e06b06171d620332acb62dbf06c21ea3a26b088ba6908268f56043703b0dbb919dd5267d28f33529dcb9ad46f005c15c2c3ee07b0edbdebf2a9578ab19d513b3646541e05b07e278bd6abe2b88c495dcea34bd473816d3371d24b3a1cc0dde200ee4485c899daa7c596dd00bcd5c9a23654aef59cd8d422cc50a85993fa99423a1dd74a217b172b162b90fcd418f9a1e5fb3f5c8af482fe7cdc46608a1771e2f3568d75ea167155957660dd360a89a13c5b88ba86092ca26e49b8aee3df8af613194f67f3cbaa19a7aecb9ad1e709f0cf1eb7ca80fff8bebb7bb671d6bbc5d8bea893b850456e53a0e3c136051fdb96ee91f353f7f0a81215a6be69c3b700d43312c5d7f100ee4c6011152ad3987c0f26d84381c73a5f5ace8a380b6f03c65784bd1d3993fc95001776dc94c10fa34eec87c58ac50a243fad43ed47fdf97855b993b63376c34b021c1f66b902ac04b062ed76ac7e67b9add378a610750d135844dde0397a393a7e077e57cf19fecb22fcf56c00ab09d4b6e2ab6eecdd6c0ce8138e917d9663fa6745d830893ab13f29f40fe87cc0ce579cbceeb1ac29fd5f1e4fa270ae0be040ee45d7f900ee2b784d230ae35c43edd29c197d10546774deb6c1f19ee33e16c199eb84bd1d1993ba5ca13fef6819855c01d43883b29d6fc7c7051a3c03c116a116acf89f88b59b0aa6b4f9b56062c44e9cc63385a8737cc826eaa2881d3b1ac0399d2c66037ab1e72cbcbb0ae3ab18b52e36ec9a7b4f5dd2cd9fdd93319143962199097f8bc696796efc6685fcacf336096eaf34b2477fef0e4f5482d8fba7c83a1ec01d6f700077a230d598ac9f3e03827300049d2cbcab384dff1c81d846616f45cea4ff08c159687f36e81d3d7be19583ebd84c29f79cd854086e0410f2eb7c7aaff8ce2e75f959ffc9e553b3217a439b0fe5a233aadc49dbf13c21ea181358445de095576f292237a0eb53e71e1138eef3cd5306535788c9cf421b5dabdb6e0b604ed68c3ebe1833e5ac8b8911cf89de0fc5499d6f06fe9033a9b161cc3649446b9d604c6015594703b84385e390111541369f9aaa8a315de879beadb1e5c948f9c4ad8ab00dd3447432da4ba409a6784eec7783e178442b629b794ec3d3809c1572d14681f3b3267d74063396adfe7048bef14c00efb4d1a61c126870cb7a38a392670951fb98c022ead4f80af8f66d00a2ddfce1379d40ff1571e3e319c3ced5614e1dba30169640ff9cf55313811a13f6360c436c6493633f0ec8fe9d2cea437066cea47e89f6ff82494405086cce80576c1d0de0ae56c004225191e4fcd49d2ac1bee86c8642c1a6e2dbcf449cf8ee616f43269f4e42f51400edb4a7e45711373661201f07cf8e1da646fe0d60c7908bfe5c601d9233a93fb56e272ec6dce522fa23006dcd54bd4da39b4ff10c216a1f1358449ddedcdc19806edf93df2a304414d747ecc42c606c19a3d9a9753b0aa70017664cfa3c14216914ad886d663bf204801d3a5974856a706c369f9acec345543cf54d1bbd0d20c748144f4703b883af70121555365ffbfcaa190a3b9b84668400fff0ecf8a1a16f839fbe459a9358f9361f1455ae8b3a93f61f78d11f6b7b4efc5288dc07604498252bf0b86fdced3266d623ed2d93c9a75f04f48a760a3889e36111b58f092ca20e44dd580282f1859623a209cfa97a7428268e6254db56e9c4f701b0733b5ffb2a88654ceaf262ac7b5859e2bb30f224806f75d22cf952111c94f36befe511232a360ee45ed487e74e0670afcc5b1cc09da8c8328dc9f7d494ed06e099ce9a2a10dc1371e31343df063f7dabaa9c00a069ad560f304411dc53fc24d6d8b2881b9b10294b6c5dec98479058d773aafe06e0d7e8fad0205da1805e9333725057261772cc902b0064da796eb8d62bafde926708d1da98c0226a47953b693ba85c1d62917b388efdcac0fc4b56a1ce1d62a9cc6ee7cb46513d29974fcd2eca717612fbd9813ea9c0e88e9b25f2bedab27bced43ecde345d45b84bd808aa4a301dc15789d63fb11f58e1caefb7288693808c07d9d2cea88221d75e21784be0d7ef22ea81e0ba0a18daf872a827b3c3b7658d8eb1d8e44d47363e778eef0ff89ca6c09f4d16226b1a26e6c47b1f5050007875c74561463b3267d3690cc77e5074b312d2bc0ac76beae846fcd01c6da3c4388d6c40416511baa30be2a08f40e0586845cf47a8ae081558d0f61a45735289cdca510ddbcad0681053d24e3a7e71763bd113b7e4400bd1f9d8f6ff642e05bbbe51a53eff06811f522e5384cc5d2d100ee96327148d49b1663eef2aca93b068a999d2c2a0a5c1671e29785bd0d593f7dbf0047a2ed09758642e43ecf89fd368455499513dbd773e337068e7e0a95aba0baf1aaef36b4024c2c468ca36e2ca12acf40b069c845bf22b6ec90f153b7773f12726b07dfee1171a23fe5d941d4aa8dc21010b5d13870dcd9ed2454c2e0287099e7c4ef1c8e4474b0073b62571fa990b66ed08b2d09f6ad33e9c78bb15ecf8e9f24823b005474b2e8df2a8dec5b8f999ff3d420ea5d81cd71988a8503b813f537f3fcac9f3a1dd09a4e1baac0059e13bf1a21ff313463520f07b00e45dbe30f0a20bff1dcf86d3d1912c32bafded273e2bff6ecf8bb01e43128c6b5fe43b1007fca9864a83dcc4662dc30cf8ddfac2ab300843a1ead286ab326bf5ba631f95e8fe29d1ff55f743003b7402e2dc62c9444a58c092ca256a24ee202058eed85551ded3bf85765597cdbc11aeb61888d14b1e6acd500537c00dbdaab2e5ffb7231d6ebd9b15320980bc0eda4657273d6c8b17c9586a86f7020f7e2e97800778b334012f591ac495f02c19900824e163ddb73133702354ea8d75d33eb09881e04a0aecd0514631dc77eb57986c28e5f718b56c4368b3af10b3c27fe227ceb5d009742b0455ba50ae41719933a1f214ed413294b6cbdd2a9781e8a93c38c91002b557462c64fc580390d3d2fa9c60078b38305cac5b7ffccb382a8450b852120fa5a9513db57a197f6de1a752b2bc0b3513b317630c67b39365a02e0b9d6cf558eaf7b671b67bd5b8c7546ddf86488dc00a0e3069f627a36bfd1b8ae8e654044c5c081dc8bf280dcf100ee269b1fc601dc89faf21ccda7a6a383d901bf6eabe8299ebb702e9070c35d7ffa39113d00d02fdb596484a8ccf69caa57a36e3cbefa8d827531311271e2bb7b4ea2c673e2cfab91f715b80c1dcff0ec8be8e48c4986fa5a64d44e8c95409f07f0ed709beef89f88b55b2e9fbe3ea412fd4ebe3f9ce3e7127d8d092ca2558622b16100dc82b6131b8102c56ad04754f4d6a813bf3cecbfa295c2c3a918e71428feb7ea83e7d594edbd14e9054509b493f8b92a667476ed53e0f2ac9f3a73d5c33311f52df6060a596703b80357ad649488fa56d64fdf22cdaff3d5a3e346cb499ea37700e32bc25c7f269f7ed1b6f043001d0da1b08d2a92bea3759e13cf3439765680a701bd18edcf2cdd5293a89c9cc9a793e16d79c2f59cc4552a7a1b8048983111e02edb979deaf2b3fe1362b11b77be887f11cf08a2664c601101006a1cd709fe0ac8066ddcade619231be54c6a3ba8fc18c0f2226c8028f0f388b3f01f9598bcfe608a7c063396f9b61c07c16d9546f6cbe1ba2f8bb19ea813bf40a09777b2982af0b39c495dc87382a89f508e8315b68e077067bc89fa4d1bc9cc7a0412ecdf414fa8d58e8838eefdebe18cca30d7bfac29fd5fb5fdbd0558d885c5bd6e16bf1cb08ecef8c979616def504c1ce539fa18a0e7847c288c427f9e31a9e396219909ab50afbc7a4b001b767e1b94bd234ef51e3c238898c0220200449d45ffa790bddbf8eaadf2bc3b7105929f0240d64fde1c58f80180b78ab11d02ec278effa2e7c6761d4cf15fde947c359b4f9d58a4b1a6c473e27f5ed585bd23be8a56e74cea4a9e1144fd87da9c112f6c1d0fe0ce0416517f92cdd73e1f58b24f67492401f66b74f2f78fc0142fccf5e71a67bf2dc6de138a0f422c7699020765cdac07c22ab0d299b4b7e3d8ff061076a2e773817548cea4ff8810c7e76a6e79caa95d6ecc8a358967031113584488d8b1a3157a5e1b0d8195be25272cc1f435ba6ed737a55e2f33fe2e10dc568ced116023a8fcd373e367f0e814aac68ad8f119003a9b86b84115c784389e011185f5f0d434ea1d005946223c1d0fe01ef0954da27ea6be29f53a6cd9a70b49a4bd8cd3f08f284e1f1ee6faeb30f343db977d5b0cf95000fdccb674df9c493d1356d339ea242eb4103c8a2ef466ea669bfc9fbe71b7cb98598f847d4c2b31613d40ceecf2b628c6ac8b89119e0d34d8318145839a575ebda588cc411bd31007909ae54dc957dbfadd17989dcbe653278ae824004d45d8b43228aef3dcf85f4662dc301ea99eb53b3c7be1341174f617ab15023d2ae7a7ee63c888faa39a40a0af300ee1e87c0077ef554689a8ffc93426df737cb30f80ce26b9f9813afe231eaa4784b9fe65487eecfbee5e005eef71218a0f60eb5ecb9ad2a18c2b3b0253bc88139fa7d03f00b043dc5d05f49a8c91039763fa67457908779d3f0118d18d0d1a92b7ed837826d060c704160d62e70e816fcd0350d5fa1b01fe9933a33a7d952c934f2715d84f81a20c3a0ec58f5738154f47cb135bf078758b7876fc5a083aebc5b6dc821c9131e9871832a2fe4b21ec1514928e067007f01a077027eabf96e2fa4f7ca37b09e4b54eae9adbc3b11e0a3b89b51cd33ff38dee2f404f12ddafe77d7baf6c63edffc2d8962a37fe7d6337bc24c0f12187b94e558fcd9af4d9c59a89dab313874331aebbbf0b80837916d060c704160d5a51bb7e1a80efb7f155ce3272345063ba524ecea49e51637600f07031b65380edd4d77f47ecf8113c6a5d0b996727a675217955a7b00eac33c9c71832a27e4e390e56583a1ac05d38803b51bfb71ce9c5beb1f657a0b399f07680633d14f6eb84cb915e0ce3ec03e0856efcec793565fbacc4cc85616c8367c7c7058aa72108fb0fbcaf882d3be5fcf4ddc53a7e9565d5df81e84d68e3ed8f4e1bb8821d7906d060c704160d4a1137364105d5ed7cfd56776718a9c7f54bb2a6ee1000bf43d8033c36ab12c13d9e13fb2d50c3f3b6837bbb67c7af816867630a2c830407e7ccac671932a2fe4f1dc3c44a483a1ac01d16138544a5a01e333fb74d7e5f00ffea64d11dd431a10fec9ec18c6596c91f04e0b92e5cc11f2937eefee1cc323dbe2262c79310dc086068a8f719e0f1aca9dc3dd3987caf58c76d3812dfb002eb4100d11e16f12dd67e1aecf8204c83ceb0b2c47745e5da761710acdfb392e7f95993fa0d548f00b0b4089b2e80fc26e22c7cb81293d7e7915c3b3e9e1d9f0ac14f3a59ee73dbd27db3f9dae71932a2d2906b9cfd0e800c2351b88e067057f84c601195883acca9b38d1c0c68677f8cdbd5382b1f083b8955873975e5c63d5081c73a68b9de9235d6a1ad2744ea8968456c33cf719f1641bc288d4860e7cab2dca6c53a5e91b2c4d6beab4f021855403195c09472d67e1acc98c0a24165381251dbd73bd0d15f6d141b0f436c644fd791f5d3f75bc6de11d0a28cd922c07e96edff2beac6d88db845583c27763504533a596e915ab24f5883871251af51015e61180ad3c900eef96cdee7b591a8842c43325366828305fa4427cda4dd8cd3707fd8b3d82dc1f4fa889123d0d6301aaa33b2f9d1a784318e9467c70e5323ff06b04311c339cc0a64de282486865d70d49db49304fa0414df28f45e08ace3b3e6d360c604160d26621cad8560cbcece0bc7b58e2b64457598f961d60cd913d06b8ab327d854559e8ebab1040f2b1071e27f00e4ac4e165b1c58d681b9a6e45b8c1851e951707ca642753280fbebc09c064689a8b47c81d9b961c63a5481c73b59748f26c77e20ec24d6222457644dc51180dedbe27a7d79d64f9f01d40440f36c813d2b7daced39f14b21721fba31635f172d6fe3b36d738ede088c0d6b4643f1dcf819aac1e300d60ba1bc5c57c7e8251aa898c0a24123e2247edad5994a54f594c2d738ad316bd26743f534002b8ab04be5aa322b6ac752c0f88ac17a5c3d27fe67012ee864b1c581a5fbd537cd7a8367025189e240ee05eb780077e54c8f44256a11922bca8d7f1480673a5974f7bc63dd177e2fa3698d599319a3903b14725ecea42e5cfd4dd48d4f364ec327513b31b63b255662c27a9e53f500805fa307039e77e27edfe8166d0d842fc0f19e5d952e749dd1f2c4161127fe2814d7011816d28df075d6761aec98c0a241215a11db4ca07fe8c64f76f7dcd8ae61ac3beba76ff42dd915c03bc579a69398e7384f56a17a93c1765c3d277e09809f76b2d892c00a0ea86f4abfc93381a874a9c3044ba138803bd1c0f50566e71c5371283a19d85d217bd73b7a77f86329cd6bca99e4989c49feb9f9df53caa3762ca58a19003c15bdcd73137fadc4844e7b22796e6c57cb755f047040c8610a00b9246b461fb91ce9c5223ab9cda504e33d3771e37a38a3b2bb2b581713239e13bf487dfd8f00fb86bbf9c2c98768d063028b06854c43fa03511d07a0cb8348aaca7961ad7f7953f255c754ecacc0edc5d943d92970e4c5a8933868b01c53cf8d4f017051278b2d139143ea9b6a5fe3594054da728da97701d431123dd7f100ee7c4593a8d42dc5b46cf3c0eee86ca29a03a24ec35f811a27e44df8ea25e5a8db70aa8ac45a35ae4fb41de7e58813dbabbd02226eac1a2aff84eac6216f5b9d2a8ece9a64cdea571b35900d3b781038a5d131ffeeea98b323316e98e726ce6d72ecf7005c82d07a5db50cae359fb59c063b26b068d0c8f8e95bd5f67702d0a5eeb7021c1be640e94b312d9b33a931223a09403efc3d947514fa40c4895f06d40ce8733b62274e83626a670d1511eba04c3ef9126b3fd180a0ca81dc7bacf301dcf3af324a44a56f199219cbe40fee6c3221058ef1dc85b38bd566cce447d702f87b1beb1d2d90473d27f6db11886df455db0e67ae13b1e33345250da02cd49b07f05fd8c1ce393f75df1a2d67abb3a145742b5579de73e3b736ff9178cd5e6bc3918846ecc4319e1bbf65a553b118aa57229cb1aedaf24acecc7a8e359c063b26b06850c935ce7ebbdcb8bb42705b57ce8f40e58fe1dfd0d34985fc10c0a222eca2087081e72cbc278ad3870fc46318b1e3c78a6867631364203828939fc5578e880654a345d94ba8873a1ec05d5ee300ee4403471de6d459c61c88ce7a562ac679f6a2e24c38849a404dd938083e6ae34b0790df18473ef2ecf8fb1127fe1f719a16886052f82d63bd396264b76c63edffd6fc624a39144774edd6831314faa0e734643d27fe4ed489ff37e2c43ff11dad13d13ba1380945e871b5c6a152ad418b1e6e4483b72d4834c82cc1f4fa6c3e7562577a4209b05f315ecbcb99e4538131df07f0509176f37075cd2b5177d24e03e9d87976fc5011fcb5b9e1d37e78217270369f7a81b59d686051e56b6e3dd5d100eeca01dc89069c3acca953238700e878021bd1333d27f6db626c430ed77d09602c80c6769f45059b09f03d00614f486404b8309b4fff7811922bd66e53361e0020dacd32cb007c5381ef0ab0512fdefdeecdf9e9bb59ab8998c0a241acb92794ee0fe0d38e960ba07f2c46f7ea7a5cbf246bea0e05e4120041f8f73a7c43357832e2c6270e84e3157126ed06c13c74dcadbc09c0d86c3ef92fd670a201c8b19968e9a18e0670b738803bd1809443f20b63fc03a1f8a0e325e5371127767e31b6219b4fbd00e974c29db07daa90fd32267579070de531a5700c1558e01bc4599b8956b55918021ad43776937e3230f6f71578b4dd5b3af03dcf5e704a71b6609e9f35c91a551c0d6059115650218ada889d98058c2d2bd5e354e54eda4e10fc0d1d77cff645f5c759937a90359b6860ca36cefa1f38907b8f7434803bc00416d140b502b317892307a2933fd80ae4f2a81b4b14e5da9d4f4d87e0a65edae5a78df177ca99e453ed2f72ee10088e2b81c3576f8975ec72a417b326133563028b06a42a27b66f57a707aec7cccf73cd5dacdb1d145c44feaf0ae3ab8ab5bd393f759f38fe4e80bc5c8cf24534e139d1c78760f2e8523b969565b16d020d1e06d0d1985e011413327e9ab3b3100d6caac0cb0c43371f1e3b1ec0bd29932fe300ee440358a631f99e6fc9c1009676d45c5495e9513b766231b66148be6112ba389152cf6f1092cc9aba1faec0ec0ec799f5ecdc3100bc7e7ed8ea2de8911ccf95684d4c60d180e3d9f14303c8639ed3b0d873e33746ecea233bff55329f35a97354e5580099b56e88c0e8c076af2a6ae3a261f6fb5953be1ba0451a4c5376731dff95a8133fa0548ee5504c1c65a9fc1dc0ba1def9a9c97f5537359fb890645c385bd85baa9e301dcf11a30ad9151221ad89637255f85048702a8ef60315b45e61663fcd7c598bb5c6d1c07205b84dd6b504175ce4f4e02e63575de24961ff7f3c35507d103eb4cfa71d65ca2b5da814403498d03c1ea9903a3508c8358bfebeaaf737ef22eb5fd1fa0adbf1009c647ecc431c5ddfe698d59933e1b8a5301ac28c20ad655e001cf49d4a0e359fcfadc084cf11cc7fe1b149b74b2e86fb2f9e455acfb4483030772efbe8e0770673c89068b6cbef679811e0da0a359475d85ceaf72abb70f7bfdb9c6d43ba2218fe7a4f2be25d6aeb97c6a765716afc4e4f5011cd46f0f92e06311d93f9b4f3fc71a4bb43626b06840f1dc856702d876cd4a2eb774efe63afb6dc754ecaec0ed6b9d30a2d716f355c2af1a187e6aae25d8038aff15a1781bd08b234e7cdeba9818e9ee8f8762e228143df935a53cef34dc05e0fb9d2c7855d6a47ec79a4f34883816132eddc401dc8968b58c493faa8a1f01301d2c1609d4baaf0ad59b84be7e3f755b886f1bdc2fbebd535d7ed67fbafa0371fc5301b805ac7369d10e8e609e95cf6f97c9275f624d256aa7ddc210d040e1a17a04547fd3eae3ac98a699ddbf334dcbe64c6aac02e7b7bcc1af7a95f0f0ded89fba7cea15db979d001465da5c018e6f72ece72bcb62db7439c676fc50c7b1dff59cf89d2330a558630788e736a404d8af931df86bd6a47ec69a4f34b87020f7eeeb7800f780e3ab100d32393f75a78a9cdec962a302db7ab81213d60bfd3a6eacf3007db6802202402ec99ad1476630a33b932089a0d01e60d68f15b2178087430cc912159d98cda74ea8c31cdedf883a3a0319021a306cebf780acb3e6873aa7801b81e64cea4f017000a09fadfaec6f593f75736fedd232243359933a562117a0e3bf94f5d4d65620cf7b76acb3591625eac47e09c1dd00860238da380dff8a944fdc2aec0df29cf89fa018d7e181011ecfe62bc637ff27110d32aa00ff3addd507c54e07701ff21aa34434f8e4f2c934a09776dcfac39696e3dc3b12e38685bbf664de313801c0921edc02be54c5d15993ac016a82eefc32eac4f603f0ad026e3f9f65cdd2877226f954d6a40e54047bae9a5db1a7c37e6400b9a8ccf85be4f2e9eb592b893ac704160d08956593be0d416cadfbaee2c942cbae37a97f1a13ec08c16d6aca4e43ef274d34679257b44aa4851a3e88ccf59cd8c36df7c6aab122767c86427e8f35bb5c6f2dbe7575981b1271123f03f0d34e167bdd36f96339e830d1606ebcf0b5b7aeea6400f757792d251abcb2267db1a8749638f9c14aa7e2af408d13e6ba9722bd40a03f06d0f52494e0a3bc71b6cbf9a9fb7ad4a0169954d856cb2dc03c7ff5bf72a6f6e96c3e754a99f13750c10401ee02b0b893420c80874564b21867b3ac495efa0566e7581b89bac6610868403ccc04c155c5accf2b307b11f238b12ff7b1dea4fe3914891d5c27f8ab42f60e7f0db2bf15e03f9e13bf5611dc6e4186aa585b892e1ca3c03e6dfce0f3bc716261ad3d6ac74e54e8151db75bb0d036e6d0a5ec5e4d34b869f0224418872ee878007726028906fbd534e36392e7e886801cd2c1724744ec45d7e57c4c0a73e519937ea8796221fd6d975aaa815eb0123317f6645dc3101b09c531053d6f48d0e68cd75f60760e79cc01300700a2e5892d02a3dfb32c595f15eb0341b942968aea5bea97ff2b87ebbe64d523ea1926b0a8e435cf0ca86dce26a2627d07c0fc81b2af2b90fc14a6667fcf59f46b407f83f07b51ba00ce1558e76af3d34d7bddcd02819ed2d346446b954e7c1f056ee8647fb296a5872dc5f59fb0d6130df2272e475f84cf045657743c807bf0227cc68868704be62b4de2f87a471f05f083f69612d144d4897d9431e9ff0b73ed5933eaf79eb37037008776b2e8a7657ed9df7afcd0eb5813145ad6d3df0be4b5ba7cedcb5d5936d3987c0fc07bbcbe12858faf1052899b522ed03f75f098b3ffc0dbe71a9335c91ad5e01800cbfa620b04f865c6a41f0aa3accab2d836567397ebf20e166bb4a0472f6b4aff97759e88b28db5efa19833410d201d0fe06e71007722c2222457f8c63d068a0f3a5a4e21bff3ecc48f426ed7066acac641f051c78d4ffdc7124cafefe13a2cd5c2066f0f10dcc89a42d4f7f8e74b2a6951277e81029775b04863ded85b84d553a8bff1caabb754df9a2fc076bdb756bd376bd2472384b1c02248ac2bb63e07c1169d5ca9fe2a81dcc11a4f445f3d4c082e12e877dafa6ed81003db0e8abafe86461b4d79bbe07222c3f21029ded08ab9e565ed8c8125068ad304c8b336111100a8e856007edbc933628302fbe74cea9950dbb46ef52e50eb09b4fb074db93a6b92e7f6a86c277e3080070ad83c638c7c6305929fb29610f52d26b0a8640dc3191bd84efe1d00914e167d306be4482039401be9e32ba2b6334d4562455f95e27f969fdf399c297e136ec4d10705d88fb599888888a8647c21b6ecbaea55b9d0786efc0c28ae6bb309aa9895f353937b54ae13bb0790230bd8b4fbb22675240f3b51dfe32b8454b21cdbfc1f3a4f5e01c0c19e1bcc016a06687d9fd390f1d371a89e869e4fe3db150d62c98975210da01eb1f53a26af888888884acebaeaebbd55185f1566a1d97c6a3a0437b5f59d5872187ad0f9225a317173400e2f64bb54318b879ca87f60028b4a52d48deda8a2a775fdce233ff2ec85d330807b1d66fdf48d96047b42f15e31ca57c1e9997cf2a5508e9f13fba54861631110111111519fd92670dcbf0235a14e0a3624df3009c0eb6b374475e31198b051b70b34d619853df3cadb397ff4fd3cdc44fd031358549254e5aa6ed75fc1199e137fb2f92f3103535dbef665c7afd84111f278518a99b97c6a4e184555dab1e31472296b3111111151493bd8b3175e1966818b3177b9da380e40b6f577c6758fed4e59a39018aa9009856c8f885e0dd4043cd444fd03c7c0a292e3d9b19321727301456445f4fc4c3e9d1cc8e7b6e7c6cf82e28f00dc02cb7a256b2a7707ae5a59e84655b9d5db076a3d0960186b32111111d1406875ea4fb2f9f475611619b5e327a8e0d6561fbf933575df06e6f95d2ac34d4c52d599056c4666886918bd18739797ca91a82cabde5654761695ef40b031542380280439517c1ca8bc6639782aecf1cb887aad923304545ace1de2b9f56f42b149a12529703b8c4cce21f9c5408d56a513dfc782fe15900d7a58c4527174a74c43fa8342b76528121bda8e3e2fc046acc7444444440386af8a63727eeabe300bf59cd85440ce6af15126b0b0477d53eaf5aefc3eea245ed57666abede2c3c2f4ac9f3ab37f877eacedd95507c1c28fa13810c0fa5d4c02bc1a00731c23b5cb90ccb00a53a960028b4a8ae7246a00bd38c42217ab06f19c5f7bef408dd9104c1e5de6f83729b04f377f1a00382c6b520f86b11d51373e3908647bd662222222a281c512643266d9af81794de1959a703d471f05b0278077024b8fa96f4abfd9a576a713fba1421e296c9f821deaf2b52ff7c778af87332a1b5d1357d59f16f8c7e19c402ecf98615786f1b60551b1318145256304621b1947de0630b493451b20f81c8a0880f22e2caf50cc1ae2379c57425d84bba9c6f2ec05d742e4f4aeff466bb2267d096b1e11111111f555fbdfb7e512d7f7cff902b3735dfd5dd489dfa1c0b105acfa85ac49edd2dfe2e1a17a041cfb2c20f80920eb849815f84814b18c493dcc5a47fd19135854323c377613547ed441757e5b557f9ef3ebfed6f2ddf861386303cbceef620147a9e024b43ffed2bb1664529d493e363023586379cec2bb011cd185851fca9aba43bb3ac60011111111517f10ad886da646de0560f7fc2959cecee693d7f4ab67213b761804b5050c0dd21905745ad664ce0fb7271d517898c0a2921071e2bb0bf0540775f6efe5c63d6109a6d777544e15c657058e7b1680730154b57de5963b2cc79c9f6998fdfe408be330c446da8e2c00e07470ebfa107eb06316b54b59f388888888a8947876e25a8816327695ef1b77a3e598fe59ffd8a373877876eecf1099dc4bcfef4ff946c72c477a316b13f5374c605189dc88e23f067009045bb4518b6fcbe6e5142099ef6a79cd892ce73c40ce0650d9c6228d0abdaadc04ffd79deeca25114b27fe108003daf9ba4144f7cce4d32fb2d6111111115149b573513d028ef5310a9bf1fac1ac491dd21ff66728268e721cfb4e00bdfb3aa3e24371fdfd07e21ff4a9b4590c019582ac9fba29eba7be19c0da4754ae0790039007f0db6cbeee47dd495e01401de6d4654dfad781b1b70030154063ab45ca0572619363bf1d71e3e3819a0173ae88ea87eddeab44a63079454444444425d9ce75ecd35158f20a50dcd41ff6c57363bb3a8ef5227a3b790500824dd5b71f1d8118670fa7fe758e3304548a4662dcb086f2211b641a93ef8551de7024be11d87a910a4e439bafd7e9bf157a4eced43e5deab1f3dcf88d508c5beb62a0727dc64f4e64ed22222222a2d233a5dc731a3e00b061010fc72b5de38feceb3730224ef51e02ebef00227d9c2e78798859b9d7c09de88a4a0d1358442d6f16e513b712dfbe0ac0a1ed2c729f65ec297598f96129eedf084cd8d838ce5b587b66c657b2a672774e9f4b44444444a528eac627ab6246614fc7726b369f3ca94f9f479a93570fa0ed614efa226330379b4f9dca1a46fd015f21246a21d738fbedac491da61a1c05455bbdbb8e50c77f23e2c42f5b171323a5b67fc6b52fc3dac9ab3ab1650c935744444444549ac6da1ae0678596a241704b5fee85575ebda5c0fa1bfa4bf20a0014e32276fc28d631ea0f98c0226a43ceafbd37ebcb36109c0320bbe6351c4304b820efd86f7a76ec5494484f46cf8e8f83ca8f5adf92548353c37a159388888888a8f7dbb9553f8260cb028b5996f3873cd0777b71ee10f8d63c00d1623cde40f4661124a0384c217b41718a02970378a7b31f8b60e67024a2ac69d4d7f80a2151278622b1a16da3464463683be9fb8202e7e44cea99febb17e70ef19cfa0f008c6cf9a942fe2f6792bfe25126222222a2527da68d3a89ff2af43b8514a28a54ce4f25fa6a27227662968886bdfe9c02bfcd99caeb3a7adba2d289ef63019702d8ab83085d9335e9b359dda84f4f768680a86ba26e6c4755990a608fb6aee810ccb7f372de32243fee6fdbeeb989b3a03ab5d5263f9235998381793e8f2e1111111195a24a3b769c25727be10fc6ba7fc6a41fed9bb67a7c6728fe15eaf3b9e01693f7cf5b81d98bbafa8ba813fb85422e45db7fb437b0ad6f671b67bdcb5a477d85af10127551269f7e316b527b89ca09107cbcf63d0f637d47dff09c440d30bea23f6dbb0afe01e0adafb7563e098c7f3293574444444454d26c7d07c08a82ca107c9c31997ff6d52e88e28f082f79f585c03a209b4ffda81bc92b00d08c49ff9f0826b7f3bd23bec659e1a82f318145d43d9af193f32af3b20d2097006868f5fd30402ff6dcb277fad3f858b9a6e45b30c11e00fe0120afea9f5c8feb97f070121111115129ab6faa7d4d450a7ab54d546715fe87ddb1653df995e7c40f56609f508221f289dad82363663dd2d32232f9540ac03d6d3e08414f05c6daac75d457f80a2151014660c2c6c6757e0fc5b8b62ff278dc169c5b974fbdd23fb678ac1d7146ec9233b39e0d6bfff38e73266b021111111175fd2954fe97cb27d36116e9b989b9503da5073fd5bcb1375e89990b7bb2dee148448da3bf10e088aca9d81198d6d8bded8eddd4c6444b3d6114c1be3953fb74a10555964dfab61504afa2ad0e2f825db2f9d40bacc4d427970e8680a870554e623f1f7ab500df6be3eb00829bfcbc9ebf1ce9c50367af6bac88b3f06101f6630d20222222a26e50551c93f353f78455e0488c1bb6d2a97801c036ddfce92b5993dabe27cfd211377e9a282ec3aa899204f28b8c495ed6f522c657788ebb18801742446764fdf41961c533e2c41f11e0876d24107e9931a93fb00a535fe02b844421a833c9c77266f4f6503d0dc092b5ce33c538db91ff358f8f35a57c20ecb3e72cbc98c92b22222222ea011141ed504c1c1556818b317779600527a09be36129f0f7eeae2bea2676f09cd8d3a2b81e2d66f956e8af4760c2c65d6f4f97ef8b309257002ccb9e15ea0102fed94ebcf664f5a5bec2041651686a82ac9fbe518cb395029703686ab54025a0177b4ec3ab513b31b694f7b4d299b437805ff19813111111510fadeb3af6cd618ea9d43c1e969ed59ddfd8d07f7475d9284e1fee39b1a9aafa3c20bbadb580e2b3269477f91542857e2f941d577c50979ff59f300f8e688b09a0d65cd90fc037b9a88f30814514b20c662ccb99d4856afbdf43db7fd1f9a68adee639b187879525be5b6afb17c5e9c32d09e602e0008e44444444d4630aec1375865f186699b97cba16821bbbba099619f252e78bd558513731499dfcbb809cd54e3b78893872703d667eded56d15d56d42d9690bcf847e7044bf68e78b758623b1316b2ff50526b0888a24d738fbedac491da61a1c05c57b6d5cfcf7b7037d296227665562c27a25b25ba28eb91e8a6ff0081311111151a1145a1371aaf708b3cc21f9863300bcd98595bfb714d3b21d2de2b9b15d3d67e1f3aa3a139075da596c05448ecc3426dfeb5ecb1adf0c25862a2f877d5c0248437bdff94e488937a26e62028ba8084662dcb0284e1f3e14134759aebe6e59c158056e6f63514744139663bfe9b9b133811aa73fef97e726a600389a47988888888842e288d8b778a81e1156818b3177b96fc98902acec7041c1ebed7d5589c9eb47edc46ca83c0360c70e8b51199fcd27ffd5dded9490c6bf82eadb611f1405dc0e76784b565bea938b05434003dbb943a268a8c8a371885b810a3fb087d8aa15815a432c6845a0c1100b7685221822162a143244b4f9ff2bb442a04354ad0ab17408800a289aff7fb3d5ff3d042a15105dfd6f6f256003060e6ca801149dbd282eeb4071ade72c9a028dfd34eba7efef6f911c5696f8ae047a99b252111111115198543756c74ec1e0f8b08a5cde947c35e226ce12d554bb2d7095a56b7f5ae378eec2d3a1fe6f15a8eac2aaa666fce4bc9eedb60c8314debab62deb13f8e11e125b3152db7b80d1767ba21115151358d4a786e18c0d1cdbec1558885a08ac40ad88057514a854c015c5508594b748209503182ad032850c53c01195082cb5a1f0d09c276a71a3a987025f25922c000a81409b934a62adfe2fe8aa7b87aefabfcdd76b8188aefeb07d12565a47b782c8df3c277e0fece067d9c6dafff587e33412e386ad0cf4366d4eda1111111111854aa0c745ddc4a44c3e19da6c7ab97c32edb9897da07a4a5bdf0740bee5bf2b9d497b0b164e83a28b83abebb359639ddff39d0e8686311eba5a5a1ff6f10844b693761e820418c61a4b7d81092cea539693bf5681e39b73445f2796565d180101046b2790be4e2fa1397934f0ba051d05df3ad47362336c635db40cc94c5f6ecc4ab7fc3a28b6668d25222222a26251d5ababdc49cf8539a35e79de39bdd1c9ef04acdd9615d1fd80843b14663dc7b5fe080d4e46d7334a5f38062700c97ccf7758eac398cfcf6a443eec6321d07ddbdd6c20c7da4a7d923f6008a8af449dd80f05e175131e805c40cef29de03dcf8d9f1de614c3dd3a4e76ec44a89cc6c341444444444556a1aa7f01a6948755e0124caf0fac602c80156d7cfdcd88a3f31dc77e0b2a3f4237ba43a9a27a29d20b0ada38d18fc2d847dff53708b5fd5f9ed802c06eedeebb6001ab2af50526b0a88fd438805ccd3874e9ceb60e14577bcef0172a9df83ebdb9e6a198384a05d7f11810111111516f50e877a24ee3a5619659df54fb9a8a9cdd664b1b380a40a45bad73456dce4fdd13c2a6bd1ec6fe05816c1466bc02a3e7a383649eadfa216b2af50526b0a84f78eec23315f82e23d1addbf9f616f0b8e7c4ef8d56c436eb85158ae3d8a90ea60b26222222220abfd50bfd59d87fb8cde59369086e0aa1a8cfe13be787b25182774279a8b7b0615871aa2cabfe8e08aa3b5a26803ce639f1659e137bc6b3e33380f115acb5d41b98c0a25e17c199eb40f5378c448f1da146def29cd8d475313152ac9544dd4402c0610c3711111111f5f673aaa5b83eecb6aea5784981a0903254f08b0c662c0b637b249025a1ec988695c04ab85660cd41d7c6caae02643708267b4ed9f9acb2d42b170686807a9dddf407f6ea29581920673539f65b513796006a423d97a315b1cd54f58f0c3311111111f509c1668db6fde7308b0c543f97c29e81dfc8e5eb6e086b7b5410ca444da2124a02cb73f4170076ecfea1d25f5461f2a6acb4546c4c6051af8aba891d4430919108cd2855390da809711ec61a0b46ae4737c70220222222220a9308e2113b7e4458e565fdf44d027da2c7dba3b80898e787b53d0a2b1b4a3982d1853fa7c57604f0eb9eed0786048e5fcd1a4bc5c60416f5ea3d4855af06603314a1f12d097ed27cdf0847d45978be02fb30b444444444d4e70f1082da4a4c5e3fa4e2d458d64f002cedc16f5fcaf8a93b42dd37db2c09a9a86f14f2e3f57046a5aadc0cc0edc1cf3f85e294ac495dc4da4ac5c60416f51acf8e8d03b017231122c58cba7cedcb6115575936e9db0ad430b044444444d44fac6f3bfeacb00a5bde947c356b52ebc004eb406457284e51e0b14e9bdd8a8b11e21f8d0120db98fd1840183dbad62de4c74d767e2a806f75f36706c0558ea9d83aeba76e0a3b36446d1186807ac3ba98186972ecb7008c623442f3b91867ebb006910412aee7e8b3e8c17bef444444444445a5386555a224749e13bf141dbf3ef756d6a4be8d2224693c37fe11b4b01e54001ab326d5a39900a376fc0415dcdabd24823e612ceb27cb9b92afb262526f620f2cea1579c7fe3598bc0af71e2eb820bce4151071500326af88888888a83f125c371c896f14a9f47cc7eb961928560f23c5c72194520e4c29efee8fbcf249df5441aa1b3ff9148a533226bd2f9357d41798c0a2a2f3caabb754e06c462254cfe4f2a9d0664089bab11d05fa73869588888888faa9a8efe88c62142c1d27b0d4c9e7ef2cde6e69287f901e067f7877961f85c450f583f900bc2e2cced705a95f7018022a3adfba1a40f920da630550d77c37947a04c843b409c0f255dfafbe492d87a009d0bc06563d0058824c000d04ba52200d01e05ba25900d040b202f103f80dc6775f0aefc651e3a82e4cf27a4044444444fddc619e1dff71d8af1206902669bf69fdc6525cff49d1f648a42e8c56bded9a4d90c7675d5dbeded6eb04f85ea79bc7d705a91fe1032b15d5aa696f0fefa5d5350058f9d57fabac84e8eacfd6fc4e9a3fd340568a040d0a59d97c81960681ae54418340570280066810582b03f80d96582b03488325c14a00f0451a6ccb5f996f40838bf29519382b80698da5748ca2ce829f2b6407d65622222222eaf744a75662f243f598f97978650675d07686871679b9b8bb83c5a1fc553ac01600fed5a5f6bf1b9fac8af19d2cf62914e767fcf4cd608f2bea2798c0a2221a5b26822b432c7089087e055b1f46835b070019f8f54032cf58f74ca43cfe2df5f11b4682888888884a83ac63b9e62ae4f1e3d08a0c6449bbd39b69f0bf62ee4d00f94cc2c80f09b6e8ca629e1d3b4c15d33a58c40072ad63ca2f5e8a6959d637ea4f98c0a2a2893a55e72af0cd2e2cda00e01151fd54454603d8036dbf8bbd9e2a926ae4761b7a5e1d667ec82817a2c6127f611a40056341444444442543e547113b7e6bce4fdd134671b6858f83f67248622d2be6ae88201f4aff26d5f53b7d3e73133ba8eaad1de4019ef42d3993af0b527fc541dca9288662e228ed782ada1744647260e13b595339226b524764fc743c6b5287658dac2b8a13013cdde6451e385e1dff0dcf89fd7614124319ed9e89ba8b2601d88b9120222222a252238219c391888651565dbef26d00413bcf1e451d1e44548784518e42ca3afa7e5d4c8ca8ea7d002adbf8fa53a88ecb9ad43e4c5e517fc604161585e33a97b77371ac87e84fb226f5834c3e39abbe29f53a70d5ca351749e6337eeab6ac49ed29223b423107ad6e1c0a0c01e437f52edef2ecf849cdf716eaaaa198384a55ff8f9120222222a21235cab7f1fb708aba6a2580365f155404457d6b298078619423a2cb3bfafe0bccce0178a9d5c70690ab9b67174cff051ceb8afa3926b0a838176209fe0f825bd0e22f190a3c2e8ebf5d369fbeaeab17c74c3ef952d64f4db08cbdb502b7af7d47d18d21b825eac41eaf72e3df67e4bbc671ece900aa1809222222222a59a2a7479cd85ee114a54fb4f9855a238aba0b5d1cbbaa0b9677ba2e5bce46f3f02d40f3eb823b644df25c8e7545a582092c2a8afaa6f49bd97cea4781a5df81e026884cc999d40f330db3dfef49797598f961cea4c608747f81bcb6d67d05b277a0f877c48ecf8c20b12e8f40fb56f5583b9a9120222222a2527f9e15481a185ff098ae0aebb1363f576c54d43d507c2b9c62d0e9585d99c6e47b105cd83baf0bd658513b36c673e367b39a5258f8da1595a01acbb3179c02913f0158af8d05ea04b82c63eaae02e635315e5ff3503d028ef50680918c06111111110d0cfafbac49ffba901246608ae73b0d9f350f55b286d7b326f59de26cf7b9433ca7be0e4059c111503d26e7a7efee0707432276f51122560d801d002c5753b6490ed77dc97a4a85620f2c2a413541d64fdf28c6d90ad06b00f8ad16a852e032cf19fe5fcf8e1fca78b5b89bd8d61560f28a8888888806562bf7e79565f16d0b296129a66503e0fe36beda365a9ed8a2185b1d71723b2184e41500a8adeff5872351e5c4f611b1ee4173f20a0086594e3ece3a4a6160028b4a56063396654dfaecc0d2ef02f8471b97f1ad20b8df73e2f7462b266e3ed8e3e5b9f19d5530813587888888880618d70a300305be6124b0d26d7dae815e528c8d16951f855454437d93ffbffe7020ca4de30b00f26bc40f7a1630a59cd5940ac5041695bcfaa6f49b59933a5835380a8a0fdb58e40835f69b9e139bba2e26460667946a2c28aee3394f4444444403d45e9e1d2f28219435b31e6c6bbc5d287e1471127b86b9b19598bc3e042125b0f469604e437f38088b3177b9026fb4fa78c388dbf06356512a141f6669c0c8f9b5f766fdca6f0b702180fa565f970172569363bfe5d9b15331c8c67ff3dc456700d899b58488888888062cc19fab30beaa80125435b8bcad9245f5c6e14844c3da52cbf1af07e085b3dbf250ff3a0cf87cadcf143f03c7e0a602318145a1f1dcc40ffa7e06c0ab56664cea72c7e83610cc05a0ad161805911b3c27fe9ce7267e30188e4b2526af0fd5dfb28612111111d1003732709c825ef7cbfa1bdd0ce095b5be106ce6bb9885829330354ed48ea7001c16d23e6b60fb77f5b3e3a06d7cf6ed881d3f9c55940ac104168545a0b8411cfdd073625387e18c0dfa72639622bd209b4f9d6a417fa8c07fdb586417a83ee3b9f11b2b3179fd017d92bbe60a00c359458988888868103c969c59e5566fdff3dfd704029cdfe657aa277a767c3630d6ee49c9d1f2c4169eb3e001155487b7bffa68ae71f6db25f15c227a3eeb2715548718020a8367c70e05742b00c30039cb76f2ef46dd493bf5f576d599f4e339337a7ba89e0660c95af55f31ce72fcb7a34efc02606cd9403b2e11a77a0fa89cca1a4a4444444483841da8350ba8e9f1b36ec6a41e5ef536c7da04e33da7eaee1198b071d74b3c7788e7246ad4d7d700d93fcc9d5595ebfae13168f3554b85ecedb9d5bbb08a524f318145e11039bbd52795266f2fe81f1b571364fdf48d629cad00bd068069b54095029779cef0ff7a76fcd0817350c6da02eb5af05d73222222221a5c768eb80bc717f4789377ce06b0a89daf0f378ef3a6e7c42ff1caabb76caf8c2a8caf8ab8f1899e5bff26a01703a808732715f86fceafbba73f057e08268f06d0414706eb3c564feaf179c91050a12acb267ddb0a82d7d6a84f8af7b27e6acbfeb8bd91b2c4d612e8540007b5b3c87de2f867671a66bf5fcac7c573e3674371356b28111111110d3efaa51a6beb1c925ff4f8b9c1ae3e52c4ea34412490d754f43fa2fa9942968b62b48a6e0ac85e008af59647a0d07d7326fd647fca2f784eec6e408eec60195f1cff5ba5feac457dc36608a850e5d8e15291565976c18b8dc14b73fbe3f636f92f7ed118bcf49732d9fe2581ec064155ab45be85c03abddcda61bd48f0fda757e0e5a6523b26c3101b6959321f21ff958788888888a834c85008a24dfad27d3d7e6ed097df29b777dc02c0769d2cba3e80ef01b23b807d20d80190cd8bf9bcad903fe44ceafafe13ef1a27627f73a6889cdcc982167cdb69d417ef671da5eee22b8454100fd52344306eed2baabcd3dfb73de7d7de5be9cbb6007e2bc0ca565f97017256a363bfe1d9b1935162bd156d1797036b25e68888888888060d11c40b1d9757f2ced950e95fbd85446fc899e4affbcd33a11bdb35e22cfcb708e25ddcfe097d3f7b3d952226b0a8b06ba763c5010c6dfdb9c27fb014b67f11922bb22675b198601b05e6afb57fc04610b9d973e2ff0e737cac1198b071c48d4d28c6c0f1556ef5f65019c7da494444444483fd7957d5bf0605fc313a8319cb2c4b8e03b0a23fec9042eec8e6378a01d0be7e148c3af1033c277e2f549e91ce7ba9b534541c3d83d593ba5de91802eab91ac77317be07c537d6aa588ebf4529bed75ce524f653e85405bedbce224f2af45785bc6b1e75e20728700b807521f848207fc8e4975d0fcc0be555c5a813fba742f666fd24222222220244e5848c9f9c5748199e1d3b192237f7e16e28a0d3b2c63a0f48e6fb6e33a6947bf6ca13217201806f1750d092aca9dc04b86a256b2875157b60518f45ed45c7b695bc0280c0c886a5b84f7526f958c68cde01a23f01b0b48d45f612c8139e13bfbf27dd913d3776a6027f07b0eeaadbd026aa3ad373aaee0b63fb2bedd8714c5e1111f52f654ec0201011f521855e0e8c2f686cd8ac9fbe05c0557db40bd940754cd6a4cfeeabe4552526afef39891acf695800911b5058f20a00d68bbacb4f65eda4eee020eed463e5f60e49a0ed0496009b340647dd0c3c5e82adf6c783c6e0a517ca82dd6a457caf7910c6b57a2b7e13d078b9b5e30e65d64e0b9a82173feea8c461888d1ceaec3817909fa18dc4b12ace69d2970a1c376c6c59853de40e00ebb0761211f5be2d4667b0d7f68bf1f647556b7cbeede64b31eb574f6084d7882f960d415d7d39834544d49b04c32b2cbbbe3178e9e9428a690c8e7aa4cccaed25c066bdb8f5f759263832abb5cff545e8bcf249df2c97ed2fb62c9d0be000b4317c4c8fa97cbb5137bf0e78435949a96ba732510f44dd493ba9062f74783d82dce1184c5c8664a694f7d573ab7781da3301ddbe8313e955056e83c843d9fca817811a034c29af729bb6f635d85fa0bf04a4bdc4d28359933aa4d0ed8c38f1f304f8236b271151efd962740607efb60087eff53136d920877fbd3612d597eeb3c632dfdbf24bdcfcfb47befaf7ff1678f8c7b31be3efcf6c8c0f16790c221151efc8f9c6fdd6724cffaca03637ce5c479ca6d9008e2ae6c62ab0008ab3727eeacebe0856c449ec29d00b001c5eccbc812a8eebab7da4d2c30416f588e726e642f5942e5c79df134b4ec8e4932f95f61e8fb53d373a052abf0510e964611f40068007c0e964d97c6059dfaf6f9af54641c703d523e058ef0218c1da4944545cab935647ecfd11be31b27e8defba92c06a89c92c22a2dea32ac99c9f9c14caf3901d3b15229701087be8942605aeaa30eeef96607a7d2f3ff3947976f4241139af833181c3f67cd6a47ec0da495dc1041675db502436741cfd10405767d06b12959bc4f2a7d5e56b5f2ee57d1f82c9a31dc79f2ac0f121dd46af697e97bdd01b687c1a043f61ed24222a8ed549ab23f7fe081b8f6cff79a2bb09ac965627b31e787663bcbf90c92c22a222f06d4b7758d694fe6f18858dc4b8610dce9073147a068051853d16e00308e63846672f457a416f0665381251dfd5f1aa384f808d7afba028823d73a6f669564fea0c1358d46d9e13fb2d20bfe9e1cf5f84ea3559dfbaa56f67cf284cd48e8d519119583d187bcf2c5553f6ad1caefbb2906d899425b69640ff0bc065ed24220a4f5793562d1592c06a89c92c22a2e250e0d19c49ed1f6ea9354ec4fee450c03a5220fb4374f32efce85d089e17c8d381a58fe41a53eff4762ca2e5892dd40fce02a41ac0b03e4c4adc9531a963593ba90b7585a83ba6947b4ec34700461658d0a780240393bfae1ed72f29c5485462f2fab6e3cf52e0981e9e7d6766f3a9e9856e87e7c4ef43f3bbe9444454004b14db7deb4becb7e3221cb4db27d868fde5dd2e23ac04564bab93590f3ebb11de5b18e58122222a902a8eccf9a9fb8a55feaae784ef05a21b0bc45395724b823a04d6325878cfcd9b77bfc0ec5c5fed7fc449ec29a26741711cfac7c46e1a58ba6d7d53fa4dd64eeaf8119aa83b173b37364154668758642304f7007a65369f7eae1463127512172af40fdd3bf1e4b58c19b57df360ef85ac3b7e80020fb1661211f58c258aedb7fa1207edf6090ed86501468e58595079c54860b5c464161151288fc16f670dbe5bca6f84745f8d15b13f395cc4fa25805dfbdbd685393e190de0339721a0eef09cf8cb00be5fa4e24bf6f542cf89ff19c04fbb71e21d9831a9870b3d7f3d27fe1c805d58338988ba6e754fab8377fb0407fde013ac3fa221b4b28b9dc06a69c1e7c3f0f88ba3f0e0b31be3e5b7d7e5812522ea4e435ae48c4c3e3963a0efe7ba98186972ed89007e0ac537faf1a636fac6ddb4d0592269809fb70c0175559513db37803cd60bab2ac1d70b6b1ccf59f84f00bb7761e1bbb326754ca16b5c350ed73cd64c22a2ce153369d5526f26b05a5ab864181efb3793594444dd79e6a834b2e52224570cc49d8b56c43653639d0568353a9f45bd37d409648142b741fbaf2dfe2e6b52bf61d5a4f63081455dbf083af13b7b3cde53cf94d4eb8555eea4ed020d5e44c7ef9137c1b6be936d9cf56e616b1b6b7b4ed57f017c9b359388a86d2d935607efba00eb0d5f59f475f65502ab2526b38888bafa302cbfc898e46503699f3c37b62b203fed0fe35b09f0aa0a6a55e5c59c59f62c30cfafc4e4f52dd7ff2314a7aefd0bfd728869dc6431e62e67eda476ea1451e7aa3079d3c0f1ffd78717c19278bdd073e3374371720737c93f664cf2e785ae27e2c6c78be27ad64c22a235f545d2aaa5fe90c06a89c92c22a20ed5c1045b6451bbb4b47763ac1db5ab8e51c14fd1b537428a49013c24903f674cf2a155ff5efbb9c989ff1ac0a56d3c309d95cda7a6b16a525b1c8680ba2270fcb3d0b719fc1d217283e7e86540a2dfbe5ea82a1f48dbd76800f8dc32f87de16b49b812e0371065c5242202605b8aef7db3396975c86e0bb06ed54a066595d1eb2dc72987be8b530e7d178b3e1f8647578d99f5ca3beb42791b2122aa52c73a0f06bf2cc58d5f0f675436ba6622029cada29bf7f1e6348ae226df0eaeaa6faa7dadb385b326f53bcf89ef04e0e8351f3c712e30763a30cf67f5a4d698c0a2ae5d18919fd84f366743402fb61ce7424fe225357ba10a7eb10cc94ca1e5782e2641fbfc064544d4a798b4eabe51eb7f9dccfa74c9503cf2efd14c6611d1a06701e70cc1e4eb5662e6c2b0cb8e56c436930647eb30f3c330cb1d82c9a31dc79fd288fc2428aafaf8bdaa2f00ccf48d7bdd724cff0cdd483b39467f621cd91bc0f0af3e146c16b5ab8ecff8b88db593d6aa330c0175a6d135e3a1e86f73759743311690b19e132f81d70be5e55c7ed49cc2cb39778868fd857cce20a2c18849abf06cb8de0a26b38888002830c4b5835facf4f193b0ca8c56c436435e7ea506a7aae3ff03064784516e955bbd7d00fba750ff44006e1f3fdfbc2da25767f295370057f5e886bc14e905118d578be0767c3dbcd1338160016b26b559eb1802eaac8e784efc0d005b97c0b6f6f9ec859e139b0ac859adef8b0add2767d24f167c337412172af40fac96443458b44c5a1dbadb2758a7aaa15f6f6f7f1b03abdb375226b3886870ca8b2ddb641a93ef155ad0aab16a936891605295f1393f7943cf4aacb122f6c2c320f8a900fbf575a014781c1a5c99f337fe1b501384f30c15bf1ac04e02bd2463d20fb13a527bd8038b3abe98d8b143d17ef26a31a0af01a20aac27c07701587db8b9ab5f2fbc20aa895bc4f2a7d5e56b5feedd4d9003d7fe486ecbe5530527af862311f5a1e7b35612d140b746d26af74fb04eb48141e9ad1b69cb9e595f0cc5232f309945448382ab016a008c2bfc71409e83aabde6473a2762c797e5fcd43d5d2fe8dc215177f9a9aa0bcf41df7726c843709b40aecce6932f855d78d68cfe6958c9301ad8d8038b3ae439f107011cd4fa7305fe5b61dc3d96607afdeacf8660f2e8322718a7a2a743f18d7eb20b4f8acab48c3fea4ea0c6143556e5d55bc2b7de6d7582ad14136c5387da8f0a3f16b1df01f22bd64a221a88064ad2aad47b60b56775326bea2ddfc3ca469b15968806a2c0126b87bafcacff84f00c753780a3d67cf2964f34ef6e9fc3755f76f4db61888db41d9c09c8e900fa7afad83a0192b6d1694b91e66b7dd4e7d8038bda555936e9db0882367a14e163cbf68f5d6252f52d3f5e89990b571a5c06d45c11b13f395cc43a0bc0fee8db44e95e2aba97e72cfcb4e8b317fad65a7fb151e08f991092579598b01e2067b35612d140f4ab892fe1f03d3e8657d9c460f4531baedbdc33ebaec737c35b1f563120443410598106bf45eb59f17a40a17f12c89a092cd58dc569ba7f98891db51ce9c56b3f7bc5b7b57d9cab82530094f7692454de8785a9e5796776cb0e0b447d8d092c6a97f8c1599056c927c1c762ebbe9986d91fb4ffcb9a20e7e35e00f756b993b6d3209802c18f1418d2976def62bf5e28aa6f28e47f106cd91c2a2cac300d5764c328db71ce0550c95a494403d1614c5e0d140af6ee27a2d27654d49db453263febdf85149233e9273d27fe1c805d5b7db58bedc8ab9e24fe1088ff90a5d610857e47544e46800354fafa1aaacf8ae2ca8c5f7727fc793eab03f537164340ed11c1a6ad3e6a10c8b19986f4075d2da32e3feb3f193f150b4cd9c602f905041ff7f16e55a8e88440ad973c27fe44d44e8c056a4248e4265c1599a0a20b20f25300efa8e282c598bbbcd09287231115e074d648222a618d0056300c039b63747708ce01f034008e654244252950fd4528cf528a3fb5f3d57a50bdd20aac57a1785e54660338107df7078000c07d8a60cfac49ef9ef1d3f381fe91bc8ae0cc75a276fc04d64a5a8d092c6a57d6a40e11e8fe009a072017fc2cd3c341fb72b8eecb8c495e96cd8fde42146304f8673fd8c5bd54f4b688b3f083a813ff45f36b7a3de3397a01808305b22f542f57c8dd593f7573181be93b381740156b241195984600f741f534dbc8482816312403fca10ffa69369f9a9a35a93d1da39bac4a663d0c807fc527a29221d0638797c5be576839197ff49d00deedc7bb5aaf2a49b5fd6f674deac89ca97dba3f6cd428248646edc458cf89df2b4ed32215dcea95576fc99a49005f21a4ce2ebc26fd288047c3e84adbacc6647cdc0ee0f6fef27aa1001b29f07f96e35cd493d70b3d37f103a8b61c5cdd05747334bf4a5190f570466523f267b2261251896804f01054e7d9be75f73224335f5d2b1167740691a5482f401e53014c8d20b1aed8c16110190be010b63f89a89f135fe557004e2cf0b92710495ca5aad3fbd7eee96780350bc6bf2687daa5fde34f0ce32b22b67da058d6d87ad5e3000c5bf380d863005cc6aa496c4050978493bc5ad3aa193e62c391f899efea7800e742b1491fee66858a4e50b526784efc45a85e93f5ad5b8064bebd1f44ddd88eaafa770015adee7b5787b1414d8ef909fa7ef61122a28e34007818aaf31c7fc85d4b312dcb90504b3924bf808f1b01dcc86416119504c598cab2eaefd437d5be56d83354d3f59ee35e0c60643fd8ab57a07a5567cf37bd674a79c45e719058d658288e011069efcfff8ae0783081456c34507fb00cc94cf35f696bae8bda0b8f86608a02fbf4f166ed08911b228efede427cba6f4cbaf5ec85d18a899bab914700445bfdf6a59c493e55e8068c4262683df45cd61022ea8798b4a21e61328b884a8465a9752180530a2b664e03109b01484d1fed4700e051d5e09a9c5f7b6fdf8775ac1d7186ef2608c6020d2703d67a5d7b6745768a9627b6c83426df63d51cdcd850a07ea45fbf5e788987f8430afcc7023201c4531fe3006d9dbc82aa5c13c6baeb5d4c82627dd60b22ea2798b4a250ad99cc3a731db11b0f67328b88fa0dc54991f28997e61a67bf5d503946a7c191f3d1eab5b8226b84e0b640accbea9b66bdd1c7cf7856c459b47b73d20a2700ba414fc6ab0ffce038007f64c51cdcd838a07ea91fbe5ee802384c80c39ae708d7f646b8fa3ce737dd5af8eaa6948b36fc4c591588a86f7d95b42af3833bbfc0ec1c4342c590c3755fb693cc3a78d53d9888a8b7d91258bf0030be9042b2a85dea69fc0608cee8856dfe1c90196a706d0ec92ffa32789565f16dad40c642178d6b1e1fb8b0491605723c98c01af498c0a27eadc5eb85d322f627878b586701d81f7d37cd6c27747a7357e1c2786e43b52a46b30610516f1360a5028f3069457d85c92c22ea3f4d7b39c52b9ff4fb6ce3ac8266131457ffa4462601b08bb4a5ef40303d9baf4c0257adeccb905596c5b6b17ceb3e04ba39a0613eb5ed321c896f2c43f26356ccc18b092c2a113541cec7bd00ee8d944fdc4a7ceb0c40620086f6a38d6cf44dd9acc28b49b808f4fcfe9aa223a281a765d2ca65d28afa9196c92c0fd52360cb114c6611512fb2c5f83f070a9b4a37d390fe20e2c4ef14604cc8dbf7b46a7079ceafbd0f21cc801e86faa68ddef59c85c51802468ca363607025abe5e065310454728dd9c6d96f674dfa6cdbc82808ce81e0a3fef104a87f5d8ee99f155a4cc4d51f43b0298f341115bb8d09915b453166989175b3267564d64fdfc8e415f55759d42ecdfae91bb32675a41a1925a293003c04c0303a44542c2a725a15aa0b1eca44045784b4494d10ccf52df95ed6a4f65c35387b3f1a79a4c628f486a23c6e01c7b3460e6eec814525abbfbd5e28b0af0de72e8973787489a8480dbfaf7a5a95fb65772cc1f47a00c83034546272487e813c920092ad7a661d04a08c1122a210b981639f0383826607cfe6532f784efc49007bf5b0880ca037e48d73c54acc5cd89f03661b67966f0723be6a7f585a016088285c00c30360b8001b0318decda2771b81d8464b915ec06a39383181450340dfbf5e28d02732f959ff2eb41ccf891f0c603b1e53220ad10a008f42755e85df78fb62cc5dce90d0409245edd2d5af194671fa70b5f34732994544e1d2780467fe2e87ebbe2ca8140dfe2862753781f5ae88fc39931f76635f8f6fd5557598f9217c4cfaea03bfede5aa30be4addb2cd01ecac087603ac1f4275e38e1ebb8c6b1d873cae619d1c9c98c0a20165d534b7670f47e222dfd5f108704e6fbc8ee72ba68654d4cf78148928045f25ad86b4485a6519171ae03298b18cc92c222a826196938fc3e0b2829e55fcdafb3c27fe26806dbab0781ec06fb3a6ee0a605ed3400c6a1de6d4218f9700bc0460165063459d05fb2ae46c0047b5f923d5310013588315c7c0a201691992996c3e3535eb8fde4235380ac0c328d6bbe1828feafd8dee29b498cab2eaef003880478f887a680580fba07ada10d3b0feea31add8e38a06ab0c662c5b3d669665f223a17a1a80fb0034313a44d45d0a3d07185f5168312afae72e2cd7049563b326f5bb819abc6a5b4d9031e947b32675f4aa67b8b66677df6328121bb2460e4e4c60d180bf08e6fcda7bb32675a0dafe36805eb3ea212fbc9b99e25aa0a6e001642ddffa19c0b90789a89bcfe88279503dadd2c87a4c5a11b5ad0e73eada496635323a44d4452323ae7372a185e4f243fe02e0d38e9611e825593ff9b7c11cec9c5f7baf407ed7d66393e306c7b13a0e4e4c60d1e0b908b69ebd50f16108c5ae1013cc2eb49061888d84e0241e2522ead2b3b860ae6a7054d6548ccce6532764fdf48d8b905cc1d01075e5045a2399b501935944d455a2f273a0a6c067e8698d024ceb6081fa8c315732da400079b4adcf55650ca33338318145834ea8af172ae66451bbb4e013d1b1ce0250c1a34344ed3e737f95b4aa1b99cda74e6d9e367b1a1fb8890a3ab1be4e66551a19a11a1c05c15c84dc5b9b88068cad3d7bd1a10597629c9900eadbf9f615604e03430de4ccac67017da4f5e702eccdd708072726b068102bf8f5420d6cbdb6d0ad1885c450413089c783885a59d676d26a1ec7ef212a824548aec8f9b5f766f3a9532b8dacd72299c5577289e8eb0700d1f30a2d238319cb0049b7f59db43b67df2025f28b363eb55c578f6670061f26b088f0f5eb8581b13703707f176f5f0fd637a5df2c74ddf5ae8e07641d1e0522c29a49ab0d98b422ea1bad9259eb33994544ab09b0afe7267e5068398e09fe8ce69906a903d97cea05000faef524d63c1b210d324c6011b5508f999f674dea08012e04d0c9c0ecf6d4c2d7586341318591271ad498b422eac73a4866d5333a4483d6b98516b014e90510cc6ffdb9022ec3bb5650da78ee927d2a31613d06677061028ba88d4b64c6a42e17c58fd1fed858ef64cd86ff28744511fb93c3016ccd90130d3a5f886a5a200767cde8f599b4222a0d2d9359e5c6dd10aa3f52c81d02ac64748806d3d3821e5f85c99b16fe301efcb18d8f376380d794f52b1e05906bf5b163bbce318ccee0c20416513b327eea36000fb4f59d885c0dd40485ae43c43a9391261a34967eddd34a4665fc743c6392ff006a0c4343547a96607a7dd64fdf9233c9e333a6721df6cc221a541c75fcd30b2da42e5ffb721b83946f182d4f6cc110b734ad1182fb5a7faa0abe4638c8308145d40185bcdcc6c7cb2af22b6f2cb4ec5537a6031965a201ad65d2aac5eb81498e794134a05cb57275cfacaca96cf99a618eb1211aa8cf09888f426268e12549eb5e58cb34c0ba8cf0d72248ac8b40ebdaf86abf08cee458c28388c3101075703b810e59fb33d42ec6dcc20771f575329844261a884dda2f2172bf06c1bc9c6f3fc06415d16073d5ca9c8f7be1e35ee0dc21113b7b8058d658288e0110617c88068ce139574f401e730a29246b520f7a4efc15005b2830dd36f9cbea30a76eb007378233d711bbf170888c05f46040da1a1bcc85db780cf2a865751c1c98c022ea58ebf1a97c31c1b585177bee10456e02208c30d180c0a41511b5a565326b7c45c4b60f64328b68e01095b380c2125800e05b726a59133e5e86646630c77304621bf92e0e53952381a6430071ba700c8e0798c01a2c98c0226a43c4899d0fc870003f5ce31115b8ab0eb51f155cbe5b7f2254d8dd95a8a4b54c5a6dfc778e6545441d9bd3d04e32eb68001ee34354926d81ed3d37f1836c3ef9af424a59de947c75f9208d6015aa37095ceb1828c61a607768b7ffc27f8087ea1159d42e657d1cf898c0226a6524c60d5b297226149bacfdad5c1dc63a44713a234d5492be80e0ef4c5a11516198cc221a38f44c00ff621cba2e5a11db4c7d390a8ab141cf92562db96adb47c2c70d8cecc0c70416512b0d76f9d56d27aff052ce249f2ab4fc2a37fefd40b10b234d543298b422a22262328ba8a4294e1886d8f9cb915ecc60b4afb22cbead1de008058e54833dc22c5b44c7004c600d064c6011b51071627f5048aced9b934e0de51e17e0271cfa8aa8df5b02c1034c5a1151ef6a99cc9a521eb1571cb42a9975148028e343d42f953b8e4c84c11f188a355596c5b7b502190be80908b08d166f55074571faf00c662c63d4073626b0880054617c956fbb5708106f6791cfb3beb92d8cf50482931871a2fe47810502bd4361cdcb9951cf003501a342447d675a2393594425d286104c066afec83f78ad91b43a1901be05686facb64cedfce1f0f117d6c6818d092c1ac4c657441d672f05f60a20670a30a2ada504f2eb40b10098d350e81a03b76c02548731f644fda4c1c9a41511958435935951a7612f851e09c8c900d6637c88fabc41f18d88bde8889c8fbb06dfced7581167d1ee801e218a3108b0452f25ad5a3db4c9188009ac818e09ac41c27313e76a80ad1909402c8d40e101d84b3b1f5b6269c68cba3ca4bfa60854133c02447d7d11c0c750dcde9cb49af51cfaa4954544d453d31a33060f03781898f273cf6e3c005630162a4703a8627c88faa879217a263058125863ed88337c37413016583806c0a8556dacbe74c8084cf196625a96b571e062026b101885c4d07ad54b45c09e3fe8e6a3aae29eb0ba02479ceadd01261189faa855f90934b85361cdcbe5934f83492b221a10a635667dfc0d3efeb6e603a59c04607dc687a857ed1f2d4f6c91694cbe3730776f8d6bcc89808e44ff1ad8b7dcd82b0f878f5b5815072e26b00681e5767024204c5ef5800277865596a5325e39783b51ef117c0cd5bb98b422a2c1619e9f33780ac053c0d89f329945d4fb2d0ff5753c80df0c9c5d6a9e1915b08f10d163015d0ffd78362a156b0cc004d640c604d62010888c65dea447ea737ee543e11475ee1095fa310c2951b19b8e4c5a11117590cc3a11c048c687a858cd104c00c6d600f3fcb0caf4503d426dd92be7a7efee8d7d188971c31aec2187a985e3a17a3880ca52694e59d043d7c319954b30bd9eb5716062026b801b85c4d07ae8218c448fee407f07ae5a19ca8dc7ae1f038e4b4154ac73f523a8decda41511515b98cc22ea2d0a8cf6ecaa83b23efe5ef8f343ec54889c04e00001ec61888d5a8ef4e2626cf7084cf18cdd78840a8e6f801eaad021a5d89a526048939d3f0c3e6e636d1c9898c01ae0f8fa6001020dedf541158c672f38a21031694544d403ed25b37002201b303e44a1b4fb27028527b054648200fbaefeb7edc82418fc36acedf4503d425deb28511c6fd070208072299906957e292a77a98503a0d8648d6f2c8c61026be062026b80e3eb833dd6e8f843fe16464155a8de246871f321a29eb655f02144ef61d28a88280c4c6611158300475562c27af5b87e4941e588dc0ed516cf107ad6084cb9ba9059f62a31797ddb35c7a8caf100f613855b42a15da22a775a12cccf988d1e036a4c44627f10c885adda8b878d4262e8222457b0360e3c4c600d60ab5e1f3c9491e89147c39a823570acd300580c29510fb44c5af94c5a11111547cb6456cdb91167d1eeab5e331c0b6043c687a85bca2cd73d05795c554821266fee701c7bead7cf11b28eb11b7e0f1f53ba53ce504c1ce5b8ce71aa7abcc0df4b55ec128ae562a8de2182f91993f967ebb1c54470371417b6facdb0e5b61e0a1fb7b32a0e3c4c600d608b905c11d5c47895600620eb3022dd786616b923a4a2048a53c16e7044dd3801f10144ef5d95b47a8a012122ea4d350193594485b665b41a282c81b502b31779883f0b608f164f166744ecf8a3393fd5e1502755a8de2470ede3a03a06c0ae50b54ae871641114770482f9f5a6eea98e06c4cfe6ad173d47570018ba46f89b5f2364026b0062026b80cbf8c979c370c693b6939f09e06846a44b7ccd5bf78451509513db2700b66048893a6be831694544d4ff309945d443db7a6ef52ed97cedf30595d2fc1ae11e2d3eb144708be7c6cfcfe653d7a245cff468c5c4cd61ecb10a1c1f003b41b56472560a2c10e07685cccf9951cf003541d77e99cc0be22f28b04fab020f07ce1d12d6845cd47f308135082cc7f4cf60704cd44e8c55d1990046302a1ddc2780a7ea31f3f330ca0a04e3f9c21351bbad1526ad88884a46bbc9ac310046313e44ad9a39815d0da0a0049695f7ef081cebcfcd8f285f2987e21acf894f81eac3022953c177d560e756cbf5f787ae8fa198afb0e6e7ccace7d0c3612254f443a8ecd3eae348c45e7e70cec75dac89030b13588348c64fce1b8ac4538e13cc02e44846a4bd8b2042997d703d9c51d9a8f9e31951a235bc01c8bcc0f2e7d737d5bec670101195a235935995cea77b5a1a8c85e078b06716110040444f1a89713f5d8cb9cb7b5a461d6a3ff2107f01c02e6d7cfd4d887cb3a4fe56aef84044e6abf8f3b3f9da1710c6d8a68a0fda8cbfa563c004d680c304d620b302c94f6170d4aade58b3000c6754d6bc04da79092581d568371d034825434a84d7019d175832bfbe29f53ac341443490d404f5064f007802a8393be22cd843545627b3d8338b06336fa55d7e2c7cfca5a08713c8ed02dda5749faef09e0ae65ba2f33226fd62d8c50beca714415beb3d1298520e4c6b64551c3898c01aa4327e725e1526bf1038fe8d00f66244bef2d232243f0ee76a2a27319c3488adea6925b7d537cd7a83e120221a0c6a829cc193009e046ace89388b7607f488e684966ecef8d0a0237232505802cbb271bbfab8bcc4f6fc1d85ccb7c59f5f676a5f2ee68a2acc8ae7563a15066be736bc88bde2a09c8f7b5911070e26b006b13accfc10a6665fcf5d38058a2b00940dfa7b0cc299ad228ad3872bcc81ac6534c8ac4a5a05b7d637a5df6438888806b396af19e2c2cab2f8b6562063a17a0a8413dcd0a071502526af5fc8f8ba99c6e47b9e137f05c0f7fbf9bebe09e87cdbc2fc654de9fff6d64a1763ee724fe20ba1d864ad673bcb1a0326b0061426b0d8b808b2794c8dba939e56d5bf00ba55ab057c55a42d69fbdde26250e8f980acd317d1f02dbd2b94825c3306ca84200d0a5f25ad5cc035017e24819c1671e28c0cb5bab8cb3aed0d75317dfeb6282ff307c46e7eba64d8da9f7d391457defcbd01b17f9f2f1bd2ee77816d5f10917896959ddaae20804261fbf99d4c993b9ac92c1a2ccfdb96eb8f411ed30b2ce776f4c30496405e5304f3fb72988855e30e6fd0ce83e551c0d832605e13abe2c0200c01ad360a89a1f5b6fe198249adea464e44cfcbe4d329a0b873ea8d406c23e3c8c7adeb66006b1fdbc92f28b47c3f702bacc0bfac9d41ecdfcc9ad4b7c3d80fcf893d0cc8feac553440bd01c83cb5f0d75c53f2add51f46edf8092ab895e12122a2f6d8463669395c438b9e593f86604b468806a0a7b22655d0902d91b2c4d61268bfe8ddaec07f0498af96cc6fd90eec2b1127f13381fea9fd0dd6c3b37efa7e56c38181092c5a8be7c40f06703dd69e45e621c798eaa5b8fe93a2addb8d4f81e29a561fbf9535a96d42bbc8d9f12344daea4aaabfcf9af4af0b2dbf1213d6b31c6711d8c39106963693562d31814544449d699dc05aa30db53a9905fd11806f325a3440a865eccdeb30f3c3029fd15e03b06d7f6d07f685e66b069e0730b4bd6544e5fa8c9f9cc86a3830f0019bd69235a9078721b6bded482d80c35b7c75a0719c5723123f27974fcd29cad55d716cebacaa00f785b90eb1f40be8dab95b11fbae30cab75cf744a8f2dca281a0b9b1629b5b728db3df66388888a89856bd82f43a801a26b368001175829360705981e5dc8ede4d60bda090f99663e6671a66bfdfdf821ac5e9c33530b7a183e41500a8e8d140c205927956c5d2c7876c6ad372a417c3e048cf8d9f2e8a3f29b07ad08ba828aef79cd871c658935620f96958eb8c20b1ae40d7ea5eeb879cc052156badf495e0e34c7ed68b21ade044d6202a61ab92567a73ae31f50e00c030284444d4bbda49669d0ce05b8c0e959aa0b9ee1694c0f22d996f077a516fb40361cb4dd9c659eff6d776e0282486d63be61e005d19fe6584e7e80fb3060fb226963e26b0a8239acda7a65796c51eb302f90b801dbefe4a8e749c60774f6353b27efa9650d6e6ea51d0b5eae4d27a33fae970f72a580762b5fa0c772284f1bd4660c2c606d89d55874a0c93564444d46f319945a54e80ef5596557fa7bea9f6b59e96b1bc29f9aae7c4df09b9de07009e85e87c27efdffed55031fdb81dd89cbcd2bb00ecd9e5f8ab8e0198c01a082c86803a6f34a4dfcc9ad13f00e412002da68992752072b3e7c4ef1b8ac486055fd815c7b571b5ff3b5013ea25542c7bcbb5afdcd61d61949d779c13795e51897803904b605bdfca9ad4b65993acf92a79454444d46fdba5a9d7b326599335a9ad020bdf696e9f0a5f73a77e4f02fbe442cbd0e6d7080b1500781a8273f2c6fe46d6a4f6cce6d35717739ce3b04471faf07a471f047060b7e2263816a861e79d01800791baa8c6640d6a22cea40745f52f10ddbcc597873b8efe27aaf1d3337eaa4717d5753131d204ecbff6855eef0d7d5782e09b90355e22fcbcde2c0da59797404fe4dc08d48f9544b7702222a2ae68a767d68900b66674a8bf11d11f03f8350a78ebc312bd5d557ed193272000cf4230cfe4fd792b307b51a9c56f28268e82631e00f0dd1e447f9da8b370df8cc1c3ac89a58d092cea969c99f5ec70247630b65c21a289165fada782f99e1b9fa7f9b2d373b8eecbee94db645b4700a868f5715e7c137e574f912d5afe53157703f3fc428b8d564cdc5c8decc45a42fd8802f89702f31c23f3bf9af589492b22221a605a26b3aadcf8f77d95b1021d03be6648fda755b649c489ef9633a9677a5a44269f7ed1b3e31f40b059177ff294086ef2f3f61df598f979a986aeb2acfa3b76603da0c0e81efcfc5f227283e49bfecd4a58fa98c0a26e5b8664063e2645ecf8bd224802d8b0c58579ac384d7b7a9a8867fde4dfba5ca825c7b4fe5b84024fd5614e5de8f70e959b457408803d005802bd2b8c7203631fc3be57d44fbc01c83cb13137d3987c8fe12022a2c1a42e9f7a05c02b007ed5a267d60900b66174a82f093006c033059521b85d81f33a7cde011eb3c4fa79263fabe493369e1d3f14016e56a0aa1b3f5b24c05f7c4be7d437a5df64cd1b50e71051011714548f806b5d03c58fd7aa5c2ad75b3ece5d8664a6e352c657788efb398048ab0befcf72267565b1b67d28268e725cebd86c7e481a98d65868795127f64f85eccd5a417da4cf9356513b7e820a6ee5a12022a2f6d84636f9aa47702f63328bfa9ce2c3ac9fda1c05bc46e8b9b15da1f26cbb0ff8aae98c9f991cc61b267d4c3c27f16b406bd0b531861b20723702bd21ebd7fd6300ec3fb5552918020a8367c70e83480ac0a8565f7daa8a44ce4fddd7de6f2376fc2811dcbd760bc7fad657e3f4f4f7fd47f50838d662b05723f59e00c0b302dc0bc79f976998fd7e5f6f1013584444d499be4c60b5d422993516c0b77964a8b75812ec5097af7db9906778cf4d7c04d58d5b7fa1c0a339537750a9276f862311f51dbd11c0515d58fc5f227203f2f65f3398b18c356c60e3c3368522eba7ef8f20b11d1c9db1aa6bec6a1b8ae01ecf8ecf2af7ddf397607afd5a5760e0d836aecb6f974af2aab9352647f07ca25ef0d5009cf9bc3d7f25662e04c031ad888888baa99d01e08f00b023a343456dcca91c0ba090049642f50e0067b7fec2529d31107a1ef98e3e0060d70e16e12b8283141fb829343924bf80c1d8a89d18aba2b3000c5ff5954030b9d1ce1f522589897526f9d8d7bfaa71200b8f685d9600f794d2beab58474bcf7b021375d8ce4189cf1a434444d49fb54c66452b266eaebe7d241463d13c5e2a51c8e438001715f4ec01bd5d206b25b07c9125032446cf01da3a81d500c13d0830a727af087aa81e1194c94826bc4a1b135814ba8c9f9c5785eae7d5b16e50609fafaf43d834803e12b113a9a1feca9f2ec6dce55167e1be0aacbbd6c517725fe9ecf1947241c3813cf2142226ad888888faa21ddbfc4afe540053a315b1cdd497a398cca2906d1b299fb855ae71f6db3d2d2067367ada73167e8a9693690d206a619604381bcd431ebd08c15ccdcb4d3924bfe84e39ebe18cca46a7e92e00db02b281e5e37f00bec92a58ba98c0a2a2a843ed4730d8cf73e36741710580b2555f89882656da430ea8944913548363db18896d69bdd9f09952d957cf6e3c00ad06a027ea8116492bb96d05929f32244444447d27d390fe004c66511158be732c80cb7a5e424d008ddf09c11903313eb9a6e45b9e1b9b12081e2da4c754231acb006bffaf3e106c311c8968e7938c517fc50416159366f3a9a9556ef513815a7f41cb01324537b7a08f42d0b0d6af441f006a4a66541f851ecdd910a88798b42222222a012d93595598bc69e0fa47339945053c3f1498c00244f47685ac91c0b2610d98e7fb6c3e7d5d118a95bc23dbc1e009d6c2d2643104546c75f9da97b326bfa30297af7a60fffa1a0b0c5bfb915eee2d9dbdabb14470048f3275830fe06908cef18d3b3a6b527b66f3a9a94c5e1111119548db16333fcce65353b326b5a765eccd203807c0d3000744a52edb7904266c5c480119b3d11300d61cf34afde10c6d8b70a062ad7e069604db3332a58b092cea25731a722675a100070bb0b083058df8ce83a5b2579ebb60170cd077cf29542d93561bad4e5a2dc7f4cf181a2222a2d2b566322b60328bba4a8ceb1e5d5811354654ef6ef9898a7c97a1fd9a83fcda9d25a04c60953026b0a857654cea6131f9ef4070535bdf2bf06406339695cafea8e2681e556a07935644444483481d6a3f62328bbafe1ca1c7165c86c8fc160f52ff83e83246b64563dcd5916bc75d98c02a611cba87fa4cd44e8c55d159005a7675cd88e8cf33f974b224f6c189ff5701fea58356cb03785445e623efde99c3755f0eae733a7e820a6eed6fdb55f3fbe370eecf0f29fa7a4e3eee3adc7fef7f781610d15ae6de3a19471db743d1d7b3cb772fc6db6ff5ef37d26d239b2c43f2e341757fac98b879609c3182602c203bf18ca0550c4c30328bdaa53d2f22e17a8efeda12dc59974fbdc290aed536ad55c1c4d6edf5acc97bc09c0646a8f4701077ea33193f39af0a935f081cff46007badbecea8ca2ccf8d1f60e5f3893acca90b676d636d609e1fe6f60fc3191b28f2dfe1911cf47c00cf41302fc8dbb7d463e6e70c091111117dd5e66d98fd3e802b005c311c896ff8ae1ebb6a00f8ddc10e0583fa595c6c39107e217ffc4be6b3061733946bf3ecf8496d24af00c08dbae5dfc9e4f16f46a9f4f01542ea537598f961d6a4f659d5c5bae9ab2f146303d7fd4fc489ef5ee83aa276fc78cf892ef6dcf88d11bbfa4820e18672f2b8f943d8e818b4be7a3d3030f6a8d5af073279454444441d5986e4c7ab5f33b48d6ccad70c0737b57028a310be2a77d27610a43b68caefc028952626b0a85f5cbbb3f9d4544b825d01bcf1f5a7f886008f7b4ea206185bd6b3a2a7942be40a40d681629c88758fe76276181b2dc0413c74830a9356444444149a96c92cc7984d98cc1a8c4f413818fc8378a82a3161bd00c1dd686bb6fbd5610f380e56a962028bfa8dba7cedcb5953b91314d35adcb85d402ff69caa973cb77a97ee9619751ace81e8e66b7c18e83f0adfda1a0b8afd79d406bc16492bb3219356444444540c4b71fd274c660d46b241d44d30991222cb75ae8362938ec30ec6bc548f2f4340fdcb552bb37eea2c811c0260518b2fb6855a4f46dd58a2ab2545ca125b2bf0eb561f37597efede42b732ea2ed81ec0fa3c5e0352238087d74e5a5dbf84a1294d77ddfe22562c6f2cea3ade7fef733cf7ccff186c226ad35f6f7a0e4150dc3cc4334fbd8b0f3fe0ad6a20583399a5df6891cc0a189d0148f91a61583c27f19b55e3cb75e6bbcd632453a961028bfaa58c49fe434dd9f71498dfe2e3b25503bcdf5889c91d268f46608a2781de09a0b2d51de2d15006866feeee4b03472380fba07a9a6d6464d6a40e64d26ae078e5a58f30fe4749f87e71dafdcb962ec709475d8ba55f2e67b089a84d7fbbe7155c74e1fca295ffe1074b30ee8499686c340cf600b314e9052d9259ab7b663d8ce65ee23400289409ac824d298fdab114a0bfede20f8656968dd88a712b3d4c6051bf95c3755fe64c6aacaa8c07906d71951f6739fe5b9e9bf80930a5bcad0b98711a6e02b075eb6f44e48e70b64e38fe55e96b9db43a32eba76f5c866486a119781ebcff555c74e1eda1979bcffb38f5a45978f79dcf186422ead0b4ab1e426ac663a197bb6ce9721c7ff835f862498e411ee05a24b30e54231b40f53400f70160e6b2b4edeaa17a04c3d03323306163cf69f8a78ac4baf33bcbe740eea58803c65149a8c2e44d03c7bf11c05eaddb6d0a3caaaa37c3c69be2eb9622d6af01b4355e961f18b361a1bd6a4662dcb0954ec59700ca79644a4e038087a13acff187dcb514d3b20c4978a276fc049542a6822ebe3f5d7332e2a7ef174a59aa8ad3abe7e096b9cff2e0135197d8b6859b6f3f03871cfebd50cacbe77d1c77f8543cf1d85ba51303239b2c43f263d686f044905857ece030888c05700800875129b18772c589193f751b23d1cdba6fc78f12d1d980acd3839f5f9935a99f318aa58517372a097598f9210cf6f1dcf859505c0160f5ac84c305385e448e470040dacfc92af04418af84adb02bf61726af4a099356f4950b7f7a2bf6da776b6cbdcd86059775f3dc6799bc22a26ef1fd00b153d378fdbdcb10ad1a5a70797ff8edbd2595bca2e2c821f9057cdc08e04626b34a930287026002abcba6947bceca2b004ce9f001b0e3987320f712c40b1a95d4b53d9b4f4dad72e3fff4157304d8ae3b3f0eebf541811cc40961fa3d26ada84dc604f8e2f32c104202ebb345750c2811753fd9906dc0f2e54da124b0167fcab7dea955fd5a239975e63a62371ece645609103d04cd6f47, 3, 5, 3);

-- --------------------------------------------------------

--
-- Table structure for table `post_tags`
--

CREATE TABLE `post_tags` (
  `id` int(11) NOT NULL,
  `post_id` int(11) NOT NULL,
  `tag_id` int(11) NOT NULL
) ENGINE=InnoDB DEFAULT CHARSET=utf8mb4 COLLATE=utf8mb4_general_ci;

--
-- Dumping data for table `post_tags`
--

INSERT INTO `post_tags` (`id`, `post_id`, `tag_id`) VALUES
(6, 33, 2),
(7, 34, 4),
(8, 35, 2),
(9, 36, 4),
(10, 37, 5);

-- --------------------------------------------------------

--
-- Table structure for table `schools`
--

CREATE TABLE `schools` (
  `id` int(11) NOT NULL,
  `name` varchar(255) NOT NULL
) ENGINE=InnoDB DEFAULT CHARSET=utf8mb4 COLLATE=utf8mb4_general_ci;

--
-- Dumping data for table `schools`
--

INSERT INTO `schools` (`id`, `name`) VALUES
(1, 'For Everyone'),
(2, 'SAMCIS'),
(4, 'SEA'),
(3, 'SONAHBS');

-- --------------------------------------------------------

--
-- Table structure for table `tags`
--

CREATE TABLE `tags` (
  `id` int(11) NOT NULL,
  `name` varchar(255) NOT NULL
) ENGINE=InnoDB DEFAULT CHARSET=utf8mb4 COLLATE=utf8mb4_general_ci;

--
-- Dumping data for table `tags`
--

INSERT INTO `tags` (`id`, `name`) VALUES
(3, 'batch'),
(4, 'COMMENT'),
(5, 'easy'),
(1, 'hi'),
(2, 'test');

-- --------------------------------------------------------

--
-- Table structure for table `users`
--

CREATE TABLE `users` (
  `id` int(11) NOT NULL,
  `first_name` varchar(100) NOT NULL,
  `middle_name` varchar(100) DEFAULT NULL,
  `last_name` varchar(100) NOT NULL,
  `email` varchar(255) NOT NULL,
  `password_hash` varchar(255) NOT NULL,
  `agreed_to_terms` tinyint(1) NOT NULL,
  `created_at` timestamp NOT NULL DEFAULT current_timestamp(),
  `address` varchar(255) DEFAULT NULL,
  `bio` text DEFAULT NULL,
  `employment_status` enum('Employed','Unemployed') DEFAULT 'Unemployed',
  `status` enum('pending','approved','rejected') DEFAULT 'pending',
  `profile_picture` blob DEFAULT NULL,
  `alumni_photo_validation` blob DEFAULT NULL,
  `userType` enum('alumni','admin','manager') NOT NULL DEFAULT 'alumni',
  `batch_id` int(11) DEFAULT NULL,
  `school_id` int(11) DEFAULT NULL,
  `course_id` int(11) DEFAULT NULL
) ENGINE=InnoDB DEFAULT CHARSET=utf8mb4 COLLATE=utf8mb4_general_ci;

--
-- Dumping data for table `users`
--

INSERT INTO `users` (`id`, `first_name`, `middle_name`, `last_name`, `email`, `password_hash`, `agreed_to_terms`, `created_at`, `address`, `bio`, `employment_status`, `status`, `profile_picture`, `alumni_photo_validation`, `userType`, `batch_id`, `school_id`, `course_id`) VALUES
(1, 'Jan Dolby', NULL, 'Aquino', 'jandolbyaquino19@slu.edu.ph', '$2y$10$cPu4zpF/tM36emW9fIHrReZue5zzcvAMv1Nq5TdPxc/Gwr8SJKg0m', 1, '2024-10-15 00:33:08', '83 Malabago Mangaldan Pangasinan', 'Hi my name is Jan Dolby', 'Unemployed', 'pending', NULL, NULL, 'alumni', NULL, NULL, NULL),
(2, 'Jan Dolby', NULL, 'Aquino', 'jandolbyaquino20@slu.edu.ph', '$2y$10$w4l8..AW/0jm6UUBNYI16eOx/17aJf66VwYNnaPzG/P1WoqWBP6V.', 1, '2024-10-15 00:34:02', NULL, NULL, 'Unemployed', 'pending', NULL, NULL, 'alumni', NULL, NULL, NULL),
(3, 'Jan Dolby', NULL, 'Aquino', 'jandolbyaquino21@slu.edu.ph', '$2y$10$IhalskFjVnbHekNUtj3CzedWp2UqLm3gCZNe.uNJclfsba4wNXGi.', 1, '2024-10-15 00:35:46', NULL, NULL, 'Unemployed', 'pending', NULL, NULL, 'alumni', NULL, NULL, NULL),
(4, 'arvin', NULL, 'dela cruz', 'arvin@gmail.com', '$2y$10$rfp98rtASqWKPmnaa36o2edm2mRlk3TObt7qM0WgE2/oXzNzcn.9u', 1, '2024-11-07 01:03:28', 'Baguio CIty', 'My name is Mark Arvin', 'Unemployed', 'pending', NULL, NULL, 'alumni', NULL, NULL, NULL),
(5, 'Jerilyn', 'tEST', 'Cahanap', '2233913@slu.edu.ph', '$2y$10$8ciN820DhyUEuLik3J3O7uS0/.oUfpqw3cAijkeTXHcOcm2Nayi/C', 1, '2024-11-07 01:52:06', NULL, NULL, 'Unemployed', 'pending', '', NULL, 'alumni', NULL, 2, NULL),
(6, 'Chloe', NULL, 'San Miguel', 'chloe@gmail.com', '$2y$10$ui1f.yWS4nhFPg/b/ENrnOVYJr8n77ixWiYBf7su/dgCwmcnTBAxq', 1, '2024-11-07 01:52:10', NULL, NULL, 'Unemployed', 'pending', NULL, NULL, 'alumni', NULL, NULL, NULL),
(7, 'Julianne Therese', NULL, 'Abitan', 'julianneabitan@gmail.com', '$2y$10$DqJiBrhBqQ9kD.X6AQlsYebQToQh7/IH0YgkPjMFzzrP7OH8B/H6i', 1, '2024-11-07 01:52:11', 'apt', '', 'Unemployed', 'pending', NULL, NULL, 'alumni', NULL, NULL, NULL),
(8, 'marvin', NULL, '908u87y79', '0999999@google.com', '$2y$10$VFF4spsp6irhT3SF4H.L3e0yE0.ssgwJ05Mp4/aQyFxiSAyQhG0.G', 1, '2024-11-07 01:58:06', NULL, NULL, 'Unemployed', 'pending', NULL, NULL, 'alumni', NULL, NULL, NULL),
(9, 'qwerty', NULL, 'cruz', 'qwerty@slu.edu.ph', '$2y$10$rKScj4PvbsnFjiZK4m7D8OEEqP9Z495Dey1byJ5cjv2acW1.Eh3tu', 1, '2024-11-07 02:00:00', 'Baguio City', 'Hi ', 'Unemployed', 'pending', NULL, NULL, 'alumni', NULL, NULL, NULL),
(10, 'Dummy', NULL, 'Account', 'totoongslu@slu.edu.ph', '$2y$10$sYYhnd40PHfTh98P30VoPegfkLqcGdW1N2nybRUhVt.rw4UbTUlP2', 1, '2024-11-27 19:59:52', NULL, NULL, 'Unemployed', 'pending', NULL, NULL, 'alumni', NULL, NULL, NULL);

--
-- Indexes for dumped tables
--

--
-- Indexes for table `batches`
--
ALTER TABLE `batches`
  ADD PRIMARY KEY (`id`),
  ADD UNIQUE KEY `name` (`batch_number`);

--
-- Indexes for table `comments`
--
ALTER TABLE `comments`
  ADD PRIMARY KEY (`id`),
  ADD KEY `post_id` (`post_id`),
  ADD KEY `user_id` (`user_id`);

--
-- Indexes for table `courses`
--
ALTER TABLE `courses`
  ADD PRIMARY KEY (`id`),
  ADD UNIQUE KEY `name` (`name`),
  ADD KEY `school_id` (`school_id`);

--
-- Indexes for table `events`
--
ALTER TABLE `events`
  ADD PRIMARY KEY (`id`),
  ADD KEY `fk_user_id` (`host`),
  ADD KEY `fk_school_id` (`school_id`);

--
-- Indexes for table `event_participants`
--
ALTER TABLE `event_participants`
  ADD PRIMARY KEY (`id`),
  ADD KEY `event_id` (`event_id`),
  ADD KEY `user_id` (`user_id`);

--
-- Indexes for table `friends`
--
ALTER TABLE `friends`
  ADD PRIMARY KEY (`id`),
  ADD UNIQUE KEY `unique_relationship` (`user1`,`user2`);

--
-- Indexes for table `messages`
--
ALTER TABLE `messages`
  ADD PRIMARY KEY (`id`),
  ADD KEY `sender_id` (`sender_id`),
  ADD KEY `receiver_id` (`receiver_id`);

--
-- Indexes for table `opportunities`
--
ALTER TABLE `opportunities`
  ADD PRIMARY KEY (`id`),
  ADD KEY `school_id` (`school_id`),
  ADD KEY `course_id` (`course_id`);

--
-- Indexes for table `posts`
--
ALTER TABLE `posts`
  ADD PRIMARY KEY (`id`),
  ADD KEY `user_id` (`user_id`),
  ADD KEY `school_id` (`school_id`),
  ADD KEY `course_id` (`course_id`),
  ADD KEY `batch_id` (`batch_id`);

--
-- Indexes for table `post_tags`
--
ALTER TABLE `post_tags`
  ADD PRIMARY KEY (`id`),
  ADD KEY `post_id` (`post_id`),
  ADD KEY `tag_id` (`tag_id`);

--
-- Indexes for table `schools`
--
ALTER TABLE `schools`
  ADD PRIMARY KEY (`id`),
  ADD UNIQUE KEY `name` (`name`);

--
-- Indexes for table `tags`
--
ALTER TABLE `tags`
  ADD PRIMARY KEY (`id`),
  ADD UNIQUE KEY `name` (`name`);

--
-- Indexes for table `users`
--
ALTER TABLE `users`
  ADD PRIMARY KEY (`id`),
  ADD UNIQUE KEY `email` (`email`),
  ADD KEY `fk_batch` (`batch_id`),
  ADD KEY `fk_users_schools` (`school_id`),
  ADD KEY `fk_users_courses` (`course_id`);

--
-- AUTO_INCREMENT for dumped tables
--

--
-- AUTO_INCREMENT for table `batches`
--
ALTER TABLE `batches`
  MODIFY `id` int(11) NOT NULL AUTO_INCREMENT, AUTO_INCREMENT=5;

--
-- AUTO_INCREMENT for table `comments`
--
ALTER TABLE `comments`
  MODIFY `id` int(11) NOT NULL AUTO_INCREMENT, AUTO_INCREMENT=2;

--
-- AUTO_INCREMENT for table `courses`
--
ALTER TABLE `courses`
  MODIFY `id` int(11) NOT NULL AUTO_INCREMENT, AUTO_INCREMENT=7;

--
-- AUTO_INCREMENT for table `events`
--
ALTER TABLE `events`
  MODIFY `id` int(11) NOT NULL AUTO_INCREMENT, AUTO_INCREMENT=57;

--
-- AUTO_INCREMENT for table `event_participants`
--
ALTER TABLE `event_participants`
  MODIFY `id` int(11) NOT NULL AUTO_INCREMENT, AUTO_INCREMENT=86;

--
-- AUTO_INCREMENT for table `friends`
--
ALTER TABLE `friends`
  MODIFY `id` int(11) NOT NULL AUTO_INCREMENT, AUTO_INCREMENT=4;

--
-- AUTO_INCREMENT for table `messages`
--
ALTER TABLE `messages`
  MODIFY `id` int(11) NOT NULL AUTO_INCREMENT, AUTO_INCREMENT=4;

--
-- AUTO_INCREMENT for table `opportunities`
--
ALTER TABLE `opportunities`
  MODIFY `id` int(11) NOT NULL AUTO_INCREMENT, AUTO_INCREMENT=7;

--
-- AUTO_INCREMENT for table `posts`
--
ALTER TABLE `posts`
  MODIFY `id` int(11) NOT NULL AUTO_INCREMENT, AUTO_INCREMENT=38;

--
-- AUTO_INCREMENT for table `post_tags`
--
ALTER TABLE `post_tags`
  MODIFY `id` int(11) NOT NULL AUTO_INCREMENT, AUTO_INCREMENT=11;

--
-- AUTO_INCREMENT for table `schools`
--
ALTER TABLE `schools`
  MODIFY `id` int(11) NOT NULL AUTO_INCREMENT, AUTO_INCREMENT=5;

--
-- AUTO_INCREMENT for table `tags`
--
ALTER TABLE `tags`
  MODIFY `id` int(11) NOT NULL AUTO_INCREMENT, AUTO_INCREMENT=6;

--
-- AUTO_INCREMENT for table `users`
--
ALTER TABLE `users`
  MODIFY `id` int(11) NOT NULL AUTO_INCREMENT, AUTO_INCREMENT=11;

--
-- Constraints for dumped tables
--

--
-- Constraints for table `comments`
--
ALTER TABLE `comments`
  ADD CONSTRAINT `comments_ibfk_1` FOREIGN KEY (`post_id`) REFERENCES `posts` (`id`) ON DELETE CASCADE,
  ADD CONSTRAINT `comments_ibfk_2` FOREIGN KEY (`user_id`) REFERENCES `users` (`id`) ON DELETE CASCADE;

--
-- Constraints for table `courses`
--
ALTER TABLE `courses`
  ADD CONSTRAINT `courses_ibfk_1` FOREIGN KEY (`school_id`) REFERENCES `schools` (`id`) ON DELETE CASCADE;

--
-- Constraints for table `events`
--
ALTER TABLE `events`
  ADD CONSTRAINT `fk_school_id` FOREIGN KEY (`school_id`) REFERENCES `schools` (`id`) ON DELETE CASCADE ON UPDATE CASCADE,
  ADD CONSTRAINT `fk_user_id` FOREIGN KEY (`host`) REFERENCES `users` (`id`) ON DELETE CASCADE ON UPDATE CASCADE;

--
-- Constraints for table `event_participants`
--
ALTER TABLE `event_participants`
  ADD CONSTRAINT `event_participants_ibfk_1` FOREIGN KEY (`event_id`) REFERENCES `events` (`id`) ON DELETE CASCADE,
  ADD CONSTRAINT `event_participants_ibfk_2` FOREIGN KEY (`user_id`) REFERENCES `users` (`id`) ON DELETE CASCADE;

--
-- Constraints for table `messages`
--
ALTER TABLE `messages`
  ADD CONSTRAINT `messages_ibfk_1` FOREIGN KEY (`sender_id`) REFERENCES `users` (`id`) ON DELETE CASCADE,
  ADD CONSTRAINT `messages_ibfk_2` FOREIGN KEY (`receiver_id`) REFERENCES `users` (`id`) ON DELETE CASCADE;

--
-- Constraints for table `opportunities`
--
ALTER TABLE `opportunities`
  ADD CONSTRAINT `opportunities_ibfk_1` FOREIGN KEY (`school_id`) REFERENCES `schools` (`id`) ON DELETE CASCADE,
  ADD CONSTRAINT `opportunities_ibfk_2` FOREIGN KEY (`course_id`) REFERENCES `courses` (`id`) ON DELETE CASCADE;

--
-- Constraints for table `posts`
--
ALTER TABLE `posts`
  ADD CONSTRAINT `posts_ibfk_1` FOREIGN KEY (`user_id`) REFERENCES `users` (`id`) ON DELETE CASCADE,
  ADD CONSTRAINT `posts_ibfk_2` FOREIGN KEY (`school_id`) REFERENCES `schools` (`id`) ON DELETE CASCADE,
  ADD CONSTRAINT `posts_ibfk_3` FOREIGN KEY (`course_id`) REFERENCES `courses` (`id`) ON DELETE CASCADE,
  ADD CONSTRAINT `posts_ibfk_4` FOREIGN KEY (`batch_id`) REFERENCES `batches` (`id`) ON DELETE CASCADE;

--
-- Constraints for table `post_tags`
--
ALTER TABLE `post_tags`
  ADD CONSTRAINT `post_tags_ibfk_1` FOREIGN KEY (`post_id`) REFERENCES `posts` (`id`) ON DELETE CASCADE,
  ADD CONSTRAINT `post_tags_ibfk_2` FOREIGN KEY (`tag_id`) REFERENCES `tags` (`id`) ON DELETE CASCADE;

--
-- Constraints for table `users`
--
ALTER TABLE `users`
  ADD CONSTRAINT `fk_batch` FOREIGN KEY (`batch_id`) REFERENCES `batches` (`id`) ON DELETE SET NULL ON UPDATE CASCADE,
  ADD CONSTRAINT `fk_users_courses` FOREIGN KEY (`course_id`) REFERENCES `courses` (`id`) ON DELETE SET NULL ON UPDATE CASCADE,
  ADD CONSTRAINT `fk_users_schools` FOREIGN KEY (`school_id`) REFERENCES `schools` (`id`) ON DELETE SET NULL ON UPDATE CASCADE;
COMMIT;

/*!40101 SET CHARACTER_SET_CLIENT=@OLD_CHARACTER_SET_CLIENT */;
/*!40101 SET CHARACTER_SET_RESULTS=@OLD_CHARACTER_SET_RESULTS */;
/*!40101 SET COLLATION_CONNECTION=@OLD_COLLATION_CONNECTION */;
